Slot,Rank,Strategy_Name,Description,Value_Score,Strategy_Type,Round1_Pick,Round1_Pos,Round2_Pick,Round2_Pos,Round3_Pick,Round3_Pos,Round4_Pick,Round4_Pos,Round5_Pick,Round5_Pos,Round6_Pick,Round6_Pos,Round7_Pick,Round7_Pos,Round8_Pick,Round8_Pos,Round9_Pick,Round9_Pos,Round10_Pick,Round10_Pos,Round11_Pick,Round11_Pos,Round12_Pick,Round12_Pos,Round13_Pick,Round13_Pos,Round14_Pick,Round14_Pos,Round15_Pick,Round15_Pos,Round16_Pick,Round16_Pos,Is_Recommended
1,1,Best-Available,Pick best value within ADP range regardless of position,1578.8,Generic,Jahmyr Gibbs,RB,A.J. Brown,WR,Nico Collins,WR,Ladd McConkey,WR,Luther Burden III,WR,Rico Dowdle,RB,Parker Washington,WR,Sam LaPorta,TE,Jordan Addison,WR,Romeo Doubs,WR,Jacory Croskey-Merritt,RB,Jayden Higgins,WR,Kyler Murray,QB,Hunter Henry,TE,Jake Ferguson,TE,No player available,,True
1,2,WR-First (Combo),WR-First strategy optimized for slot 1,1554.8533333333337,RB/WR Combo,Puka Nacua,WR,A.J. Brown,WR,Kenneth Walker III,RB,D'Andre Swift,RB,Luther Burden III,WR,Tyler Warren,TE,Dak Prescott,QB,DEF (Round 8),DEF,K (Round 9),K,Romeo Doubs,WR,Jacory Croskey-Merritt,RB,Jayden Higgins,WR,Blake Corum,RB,Hunter Henry,TE,Tank Dell,WR,RB (unavailable),RB,True
1,3,RB-First (Combo),RB-First strategy optimized for slot 1,1547.0766666666666,RB/WR Combo,Jahmyr Gibbs,RB,Josh Jacobs,RB,Nico Collins,WR,Ladd McConkey,WR,Luther Burden III,WR,Tyler Warren,TE,Dak Prescott,QB,DEF (Round 8),DEF,K (Round 9),K,Jacory Croskey-Merritt,RB,Rashid Shaheed,WR,Blake Corum,RB,Jayden Higgins,WR,Hunter Henry,TE,Tyrone Tracy Jr.,RB,WR (unavailable),WR,True
1,4,Heavy-RB,"Three elite RBs in first 3 rounds, pivot to WR depth",1545.9166666666663,Generic,Jahmyr Gibbs,RB,Josh Jacobs,RB,Kenneth Walker III,RB,Ladd McConkey,WR,Luther Burden III,WR,Tyler Warren,TE,Dak Prescott,QB,DEF (Round 8),DEF,K (Round 9),K,Jacory Croskey-Merritt,RB,Rashid Shaheed,WR,Blake Corum,RB,Jayden Higgins,WR,Hunter Henry,TE,Tyrone Tracy Jr.,RB,WR (unavailable),WR,True
1,5,TE-Premium (Combo),TE-Premium strategy optimized for slot 1,1544.92,RB/WR Combo,Jahmyr Gibbs,RB,A.J. Brown,WR,Trey McBride,TE,Ladd McConkey,WR,D'Andre Swift,RB,Carnell Tate,WR,Dak Prescott,QB,DEF (Round 8),DEF,K (Round 9),K,Jacory Croskey-Merritt,RB,Rashid Shaheed,WR,Isaiah Likely,TE,Blake Corum,RB,Tank Dell,WR,Hunter Henry,TE,RB (unavailable),RB,True
1,6,Zero-RB,"Three elite WRs early, RBs in mid rounds for strong bench depth",1543.263333333333,Generic,Puka Nacua,WR,A.J. Brown,WR,Nico Collins,WR,D'Andre Swift,RB,Quinshon Judkins,RB,Tyler Warren,TE,Dak Prescott,QB,DEF (Round 8),DEF,K (Round 9),K,Jacory Croskey-Merritt,RB,Rashid Shaheed,WR,Blake Corum,RB,Jayden Higgins,WR,Hunter Henry,TE,Tyrone Tracy Jr.,RB,WR (unavailable),WR,False
1,7,WR-Heavy,"Three WRs in first 5 picks, RB value in mid rounds for bench",1536.79,Generic,Puka Nacua,WR,Josh Jacobs,RB,Nico Collins,WR,Ladd McConkey,WR,D'Andre Swift,RB,Tyler Warren,TE,Dak Prescott,QB,DEF (Round 8),DEF,K (Round 9),K,Romeo Doubs,WR,Jacory Croskey-Merritt,RB,Isaiah Likely,TE,Blake Corum,RB,Tank Dell,WR,Denzel Boston,WR,RB (unavailable),RB,False
1,8,Value-Play (Combo),Value-Play strategy optimized for slot 1,1533.63,RB/WR Combo,Puka Nacua,WR,Josh Jacobs,RB,Kenneth Walker III,RB,Ladd McConkey,WR,Luther Burden III,WR,Tyler Warren,TE,Dak Prescott,QB,DEF (Round 8),DEF,K (Round 9),K,Romeo Doubs,WR,Jacory Croskey-Merritt,RB,Jayden Higgins,WR,Isaiah Likely,TE,Tyrone Tracy Jr.,RB,Tank Dell,WR,RB (unavailable),RB,False
1,9,Ryans-Animal,"Only draft players from teams with animal mascots, best available strategy",1531.9466666666667,Generic,Jahmyr Gibbs,RB,Trey McBride,TE,No player available,,Luther Burden III,WR,Alec Pierce,WR,Tyler Warren,TE,RJ Harvey,RB,Sam LaPorta,TE,Caleb Williams,QB,Rashid Shaheed,WR,Jared Goff,QB,No player available,,No player available,,No player available,,No player available,,No player available,,False
1,10,Balanced,"Balanced RB/WR mix early, strong TE/flex depth on bench",1529.64,Generic,Jahmyr Gibbs,RB,A.J. Brown,WR,Kenneth Walker III,RB,Ladd McConkey,WR,Luther Burden III,WR,Tyler Warren,TE,Dak Prescott,QB,DEF (Round 8),DEF,K (Round 9),K,Jacory Croskey-Merritt,RB,Rashid Shaheed,WR,Isaiah Likely,TE,Blake Corum,RB,Tank Dell,WR,Tyrone Tracy Jr.,RB,WR (unavailable),WR,False
1,11,RB-WR-Mix (Combo),RB-WR-Mix strategy optimized for slot 1,1529.64,RB/WR Combo,Jahmyr Gibbs,RB,A.J. Brown,WR,Kenneth Walker III,RB,Ladd McConkey,WR,Luther Burden III,WR,Tyler Warren,TE,Dak Prescott,QB,DEF (Round 8),DEF,K (Round 9),K,Jacory Croskey-Merritt,RB,Rashid Shaheed,WR,Isaiah Likely,TE,Blake Corum,RB,Tank Dell,WR,Tyrone Tracy Jr.,RB,WR (unavailable),WR,False
1,12,Hero-RB,"Elite RB in R1, skip R2 RB, load WR/TE early, grab RBs in mid-rounds",1517.3,Generic,Jahmyr Gibbs,RB,A.J. Brown,WR,Nico Collins,WR,Ladd McConkey,WR,Colston Loveland,TE,Carnell Tate,WR,Dak Prescott,QB,DEF (Round 8),DEF,K (Round 9),K,Jacory Croskey-Merritt,RB,Jonathon Brooks,RB,Isaiah Likely,TE,Blake Corum,RB,Tank Dell,WR,Tyrone Tracy Jr.,RB,WR (unavailable),WR,False
2,1,Best-Available,Pick best value within ADP range regardless of position,1575.9166666666663,Generic,Jahmyr Gibbs,RB,Chris Olave,WR,Kenneth Walker III,RB,D'Andre Swift,RB,Luther Burden III,WR,Rico Dowdle,RB,Tony Pollard,RB,Travis Kelce,TE,Jayden Reed,WR,Romeo Doubs,WR,Tucker Kraft,TE,Jayden Higgins,WR,Blake Corum,RB,Hunter Henry,TE,Jake Ferguson,TE,No player available,,True
2,2,RB-First (Combo),RB-First strategy optimized for slot 2,1549.6433333333334,RB/WR Combo,Jahmyr Gibbs,RB,Josh Jacobs,RB,A.J. Brown,WR,Ladd McConkey,WR,Luther Burden III,WR,Tyler Warren,TE,Dak Prescott,QB,DEF (Round 8),DEF,K (Round 9),K,Jacory Croskey-Merritt,RB,Rashid Shaheed,WR,Blake Corum,RB,Jayden Higgins,WR,Hunter Henry,TE,Tyrone Tracy Jr.,RB,WR (unavailable),WR,True
2,3,WR-First (Combo),WR-First strategy optimized for slot 2,1547.63,RB/WR Combo,Puka Nacua,WR,Chris Olave,WR,Kenneth Walker III,RB,D'Andre Swift,RB,Luther Burden III,WR,Tyler Warren,TE,Dak Prescott,QB,DEF (Round 8),DEF,K (Round 9),K,Romeo Doubs,WR,Jonathon Brooks,RB,Jayden Higgins,WR,Blake Corum,RB,Hunter Henry,TE,Tank Dell,WR,RB (unavailable),RB,True
2,4,Heavy-RB,"Three elite RBs in first 3 rounds, pivot to WR depth",1546.9166666666663,Generic,Jahmyr Gibbs,RB,Josh Jacobs,RB,Kenneth Walker III,RB,Ladd McConkey,WR,Luther Burden III,WR,Tyler Warren,TE,Dak Prescott,QB,DEF (Round 8),DEF,K (Round 9),K,Jacory Croskey-Merritt,RB,Rashid Shaheed,WR,Blake Corum,RB,Jayden Higgins,WR,Hunter Henry,TE,Tyrone Tracy Jr.,RB,WR (unavailable),WR,True
2,5,Zero-RB,"Three elite WRs early, RBs in mid rounds for strong bench depth",1546.6066666666666,Generic,Puka Nacua,WR,Chris Olave,WR,A.J. Brown,WR,D'Andre Swift,RB,Quinshon Judkins,RB,Tyler Warren,TE,Dak Prescott,QB,DEF (Round 8),DEF,K (Round 9),K,Jacory Croskey-Merritt,RB,Rashid Shaheed,WR,Blake Corum,RB,Jayden Higgins,WR,Hunter Henry,TE,Tyrone Tracy Jr.,RB,WR (unavailable),WR,True
2,6,Ryans-Animal,"Only draft players from teams with animal mascots, best available strategy",1534.9466666666667,Generic,Jahmyr Gibbs,RB,No player available,,Trey McBride,TE,D'Andre Swift,RB,Luther Burden III,WR,Tyler Warren,TE,RJ Harvey,RB,Sam LaPorta,TE,Caleb Williams,QB,Rashid Shaheed,WR,Jared Goff,QB,No player available,,Zach Charbonnet,RB,No player available,,No player available,,No player available,,False
2,7,TE-Premium (Combo),TE-Premium strategy optimized for slot 2,1533.9466666666667,RB/WR Combo,Jahmyr Gibbs,RB,Chris Olave,WR,Trey McBride,TE,Ladd McConkey,WR,Quinshon Judkins,RB,Carnell Tate,WR,Dak Prescott,QB,DEF (Round 8),DEF,K (Round 9),K,Jacory Croskey-Merritt,RB,Rashid Shaheed,WR,Isaiah Likely,TE,Blake Corum,RB,Tank Dell,WR,Jake Ferguson,TE,RB (unavailable),RB,False
2,8,Balanced,"Balanced RB/WR mix early, strong TE/flex depth on bench",1531.4166666666663,Generic,Jahmyr Gibbs,RB,Chris Olave,WR,Kenneth Walker III,RB,Ladd McConkey,WR,Luther Burden III,WR,Tyler Warren,TE,Dak Prescott,QB,DEF (Round 8),DEF,K (Round 9),K,Jacory Croskey-Merritt,RB,Rashid Shaheed,WR,Isaiah Likely,TE,Blake Corum,RB,Tank Dell,WR,Tyrone Tracy Jr.,RB,WR (unavailable),WR,False
2,9,RB-WR-Mix (Combo),RB-WR-Mix strategy optimized for slot 2,1531.4166666666663,RB/WR Combo,Jahmyr Gibbs,RB,Chris Olave,WR,Kenneth Walker III,RB,Ladd McConkey,WR,Luther Burden III,WR,Tyler Warren,TE,Dak Prescott,QB,DEF (Round 8),DEF,K (Round 9),K,Jacory Croskey-Merritt,RB,Rashid Shaheed,WR,Isaiah Likely,TE,Blake Corum,RB,Tank Dell,WR,Tyrone Tracy Jr.,RB,WR (unavailable),WR,False
2,10,Value-Play (Combo),Value-Play strategy optimized for slot 2,1525.63,RB/WR Combo,Puka Nacua,WR,Josh Jacobs,RB,Kenneth Walker III,RB,Ladd McConkey,WR,Luther Burden III,WR,Tyler Warren,TE,Dak Prescott,QB,DEF (Round 8),DEF,K (Round 9),K,Romeo Doubs,WR,Jonathon Brooks,RB,Jayden Higgins,WR,Isaiah Likely,TE,Tyrone Tracy Jr.,RB,Tank Dell,WR,RB (unavailable),RB,False
2,11,WR-Heavy,"Three WRs in first 5 picks, RB value in mid rounds for bench",1522.6066666666666,Generic,Puka Nacua,WR,Josh Jacobs,RB,A.J. Brown,WR,Ladd McConkey,WR,Quinshon Judkins,RB,Tyler Warren,TE,Dak Prescott,QB,DEF (Round 8),DEF,K (Round 9),K,Romeo Doubs,WR,Jonathon Brooks,RB,Isaiah Likely,TE,Blake Corum,RB,Tank Dell,WR,Denzel Boston,WR,RB (unavailable),RB,False
2,12,Hero-RB,"Elite RB in R1, skip R2 RB, load WR/TE early, grab RBs in mid-rounds",1520.6433333333334,Generic,Jahmyr Gibbs,RB,Chris Olave,WR,A.J. Brown,WR,Ladd McConkey,WR,Colston Loveland,TE,Carnell Tate,WR,Dak Prescott,QB,DEF (Round 8),DEF,K (Round 9),K,Jacory Croskey-Merritt,RB,Jonathon Brooks,RB,Isaiah Likely,TE,Blake Corum,RB,Tank Dell,WR,Tyrone Tracy Jr.,RB,WR (unavailable),WR,False
3,1,Best-Available,Pick best value within ADP range regardless of position,1579.74,Generic,Bijan Robinson,RB,James Cook III,RB,Trey McBride,TE,Jameson Williams,WR,Luther Burden III,WR,David Montgomery,RB,Tony Pollard,RB,Matthew Stafford,QB,Jordyn Tyson,WR,Makai Lemon,WR,Rashid Shaheed,WR,Tre Tucker,WR,Blake Corum,RB,Hunter Henry,TE,Jake Ferguson,TE,No player available,,True
3,2,RB-First (Combo),RB-First strategy optimized for slot 3,1556.62,RB/WR Combo,Bijan Robinson,RB,James Cook III,RB,Nico Collins,WR,Jameson Williams,WR,Luther Burden III,WR,Tyler Warren,TE,Dak Prescott,QB,DEF (Round 8),DEF,K (Round 9),K,Jacory Croskey-Merritt,RB,Rashid Shaheed,WR,Blake Corum,RB,Jerry Jeudy,WR,Hunter Henry,TE,Tyrone Tracy Jr.,RB,WR (unavailable),WR,True
3,3,Value-Play (Combo),Value-Play strategy optimized for slot 3,1553.3833333333332,RB/WR Combo,Puka Nacua,WR,James Cook III,RB,Kyren Williams,RB,Jameson Williams,WR,Luther Burden III,WR,Tyler Warren,TE,Dak Prescott,QB,DEF (Round 8),DEF,K (Round 9),K,Makai Lemon,WR,Jonathon Brooks,RB,Tre Tucker,WR,Isaiah Likely,TE,Isiah Pacheco,RB,Tank Dell,WR,RB (unavailable),RB,True
3,4,Heavy-RB,"Three elite RBs in first 3 rounds, pivot to WR depth",1551.4633333333334,Generic,Bijan Robinson,RB,James Cook III,RB,Kyren Williams,RB,Jameson Williams,WR,Luther Burden III,WR,Tyler Warren,TE,Dak Prescott,QB,DEF (Round 8),DEF,K (Round 9),K,Jacory Croskey-Merritt,RB,Rashid Shaheed,WR,Blake Corum,RB,Jerry Jeudy,WR,Hunter Henry,TE,Tyrone Tracy Jr.,RB,WR (unavailable),WR,True
3,5,Zero-RB,"Three elite WRs early, RBs in mid rounds for strong bench depth",1550.04,Generic,Puka Nacua,WR,Chris Olave,WR,Nico Collins,WR,D'Andre Swift,RB,Quinshon Judkins,RB,Tyler Warren,TE,Dak Prescott,QB,DEF (Round 8),DEF,K (Round 9),K,Jacory Croskey-Merritt,RB,Rashid Shaheed,WR,Blake Corum,RB,Jerry Jeudy,WR,Hunter Henry,TE,Tyrone Tracy Jr.,RB,WR (unavailable),WR,True
3,6,WR-First (Combo),WR-First strategy optimized for slot 3,1548.6333333333332,RB/WR Combo,Puka Nacua,WR,Chris Olave,WR,Kyren Williams,RB,D'Andre Swift,RB,Luther Burden III,WR,Tyler Warren,TE,Dak Prescott,QB,DEF (Round 8),DEF,K (Round 9),K,Makai Lemon,WR,Jonathon Brooks,RB,Tre Tucker,WR,Blake Corum,RB,Hunter Henry,TE,Tank Dell,WR,RB (unavailable),RB,False
3,7,Ryans-Animal,"Only draft players from teams with animal mascots, best available strategy",1546.74,Generic,Bijan Robinson,RB,James Cook III,RB,Trey McBride,TE,Jameson Williams,WR,Luther Burden III,WR,Tyler Warren,TE,RJ Harvey,RB,Sam LaPorta,TE,Caleb Williams,QB,Makai Lemon,WR,Rashid Shaheed,WR,No player available,,Zach Charbonnet,RB,No player available,,No player available,,No player available,,False
3,8,TE-Premium (Combo),TE-Premium strategy optimized for slot 3,1536.24,RB/WR Combo,Bijan Robinson,RB,Chris Olave,WR,Trey McBride,TE,Jameson Williams,WR,Quinshon Judkins,RB,Carnell Tate,WR,Dak Prescott,QB,DEF (Round 8),DEF,K (Round 9),K,Jacory Croskey-Merritt,RB,Rashid Shaheed,WR,Isaiah Likely,TE,Blake Corum,RB,Tank Dell,WR,Jake Ferguson,TE,RB (unavailable),RB,False
3,9,Balanced,"Balanced RB/WR mix early, strong TE/flex depth on bench",1529.7133333333334,Generic,Bijan Robinson,RB,Chris Olave,WR,Kyren Williams,RB,Jameson Williams,WR,Luther Burden III,WR,Tyler Warren,TE,Dak Prescott,QB,DEF (Round 8),DEF,K (Round 9),K,Jacory Croskey-Merritt,RB,Rashid Shaheed,WR,Isaiah Likely,TE,Blake Corum,RB,Tank Dell,WR,Tyrone Tracy Jr.,RB,WR (unavailable),WR,False
3,10,RB-WR-Mix (Combo),RB-WR-Mix strategy optimized for slot 3,1529.7133333333334,RB/WR Combo,Bijan Robinson,RB,Chris Olave,WR,Kyren Williams,RB,Jameson Williams,WR,Luther Burden III,WR,Tyler Warren,TE,Dak Prescott,QB,DEF (Round 8),DEF,K (Round 9),K,Jacory Croskey-Merritt,RB,Rashid Shaheed,WR,Isaiah Likely,TE,Blake Corum,RB,Tank Dell,WR,Tyrone Tracy Jr.,RB,WR (unavailable),WR,False
3,11,WR-Heavy,"Three WRs in first 5 picks, RB value in mid rounds for bench",1528.79,Generic,Puka Nacua,WR,James Cook III,RB,Nico Collins,WR,Jameson Williams,WR,Quinshon Judkins,RB,Tyler Warren,TE,Dak Prescott,QB,DEF (Round 8),DEF,K (Round 9),K,Makai Lemon,WR,Jonathon Brooks,RB,Isaiah Likely,TE,Blake Corum,RB,Tank Dell,WR,Denzel Boston,WR,RB (unavailable),RB,False
3,12,Hero-RB,"Elite RB in R1, skip R2 RB, load WR/TE early, grab RBs in mid-rounds",1521.37,Generic,Bijan Robinson,RB,Chris Olave,WR,Nico Collins,WR,Jameson Williams,WR,Colston Loveland,TE,Carnell Tate,WR,Dak Prescott,QB,DEF (Round 8),DEF,K (Round 9),K,Jacory Croskey-Merritt,RB,Jonathon Brooks,RB,Isaiah Likely,TE,Blake Corum,RB,Tank Dell,WR,Tyrone Tracy Jr.,RB,WR (unavailable),WR,False
4,1,Best-Available,Pick best value within ADP range regardless of position,1579.5366666666666,Generic,Puka Nacua,WR,Omarion Hampton,RB,Trey McBride,TE,Davante Adams,WR,Alec Pierce,WR,Jaylen Warren,RB,Rhamondre Stevenson,RB,Matthew Stafford,QB,Kenny Gainwell,RB,Makai Lemon,WR,Rashid Shaheed,WR,KC Concepcion,WR,Jordan Mason,RB,Hunter Henry,TE,Jake Ferguson,TE,No player available,,True
4,2,Value-Play (Combo),Value-Play strategy optimized for slot 4,1556.26,RB/WR Combo,Puka Nacua,WR,Omarion Hampton,RB,Kyren Williams,RB,Davante Adams,WR,Alec Pierce,WR,Tyler Warren,TE,Dak Prescott,QB,DEF (Round 8),DEF,K (Round 9),K,Makai Lemon,WR,Jonathon Brooks,RB,KC Concepcion,WR,Isaiah Likely,TE,Isiah Pacheco,RB,Tank Dell,WR,RB (unavailable),RB,True
4,3,WR-First (Combo),WR-First strategy optimized for slot 4,1548.6333333333332,RB/WR Combo,Puka Nacua,WR,Chris Olave,WR,Kyren Williams,RB,D'Andre Swift,RB,Alec Pierce,WR,Tyler Warren,TE,Dak Prescott,QB,DEF (Round 8),DEF,K (Round 9),K,Makai Lemon,WR,Jonathon Brooks,RB,KC Concepcion,WR,Jordan Mason,RB,Hunter Henry,TE,Tank Dell,WR,RB (unavailable),RB,True
4,4,Ryans-Animal,"Only draft players from teams with animal mascots, best available strategy",1547.9133333333334,Generic,Ja'Marr Chase,WR,Jeremiyah Love,RB,Trey McBride,TE,Tee Higgins,WR,Alec Pierce,WR,Tyler Warren,TE,RJ Harvey,RB,Sam LaPorta,TE,Caleb Williams,QB,Makai Lemon,WR,Rashid Shaheed,WR,No player available,,Zach Charbonnet,RB,No player available,,No player available,,No player available,,True
4,5,TE-Premium (Combo),TE-Premium strategy optimized for slot 4,1538.1966666666667,RB/WR Combo,Jahmyr Gibbs,RB,Chris Olave,WR,Trey McBride,TE,Davante Adams,WR,Quinshon Judkins,RB,Carnell Tate,WR,Dak Prescott,QB,DEF (Round 8),DEF,K (Round 9),K,Jacory Croskey-Merritt,RB,Rashid Shaheed,WR,Isaiah Likely,TE,Jordan Mason,RB,Tank Dell,WR,Jake Ferguson,TE,RB (unavailable),RB,True
4,6,Heavy-RB,"Three elite RBs in first 3 rounds, pivot to WR depth",1534.5466666666666,Generic,Jahmyr Gibbs,RB,Omarion Hampton,RB,Kyren Williams,RB,Davante Adams,WR,Alec Pierce,WR,Tyler Warren,TE,Dak Prescott,QB,DEF (Round 8),DEF,K (Round 9),K,Jacory Croskey-Merritt,RB,Rashid Shaheed,WR,Blake Corum,RB,Jalen McMillan,WR,Hunter Henry,TE,Tyrone Tracy Jr.,RB,WR (unavailable),WR,False
4,7,RB-First (Combo),RB-First strategy optimized for slot 4,1532.7966666666666,RB/WR Combo,Jahmyr Gibbs,RB,Omarion Hampton,RB,Zay Flowers,WR,Davante Adams,WR,Alec Pierce,WR,Tyler Warren,TE,Dak Prescott,QB,DEF (Round 8),DEF,K (Round 9),K,Jacory Croskey-Merritt,RB,Rashid Shaheed,WR,Blake Corum,RB,Jalen McMillan,WR,Hunter Henry,TE,Tyrone Tracy Jr.,RB,WR (unavailable),WR,False
4,8,Balanced,"Balanced RB/WR mix early, strong TE/flex depth on bench",1530.67,Generic,Jahmyr Gibbs,RB,Chris Olave,WR,Kyren Williams,RB,Davante Adams,WR,Alec Pierce,WR,Tyler Warren,TE,Dak Prescott,QB,DEF (Round 8),DEF,K (Round 9),K,Jacory Croskey-Merritt,RB,Rashid Shaheed,WR,Isaiah Likely,TE,Jordan Mason,RB,Tank Dell,WR,Tyrone Tracy Jr.,RB,WR (unavailable),WR,False
4,9,RB-WR-Mix (Combo),RB-WR-Mix strategy optimized for slot 4,1530.67,RB/WR Combo,Jahmyr Gibbs,RB,Chris Olave,WR,Kyren Williams,RB,Davante Adams,WR,Alec Pierce,WR,Tyler Warren,TE,Dak Prescott,QB,DEF (Round 8),DEF,K (Round 9),K,Jacory Croskey-Merritt,RB,Rashid Shaheed,WR,Isaiah Likely,TE,Jordan Mason,RB,Tank Dell,WR,Tyrone Tracy Jr.,RB,WR (unavailable),WR,False
4,10,Zero-RB,"Three elite WRs early, RBs in mid rounds for strong bench depth",1524.1333333333332,Generic,Puka Nacua,WR,Chris Olave,WR,Zay Flowers,WR,D'Andre Swift,RB,Quinshon Judkins,RB,Tyler Warren,TE,Dak Prescott,QB,DEF (Round 8),DEF,K (Round 9),K,Jacory Croskey-Merritt,RB,Rashid Shaheed,WR,Blake Corum,RB,Jalen McMillan,WR,Hunter Henry,TE,Tyrone Tracy Jr.,RB,WR (unavailable),WR,False
4,11,WR-Heavy,"Three WRs in first 5 picks, RB value in mid rounds for bench",1523.76,Generic,Puka Nacua,WR,Omarion Hampton,RB,Zay Flowers,WR,Davante Adams,WR,Quinshon Judkins,RB,Tyler Warren,TE,Dak Prescott,QB,DEF (Round 8),DEF,K (Round 9),K,Makai Lemon,WR,Jonathon Brooks,RB,Isaiah Likely,TE,Jordan Mason,RB,Tank Dell,WR,Denzel Boston,WR,RB (unavailable),RB,False
4,12,Hero-RB,"Elite RB in R1, skip R2 RB, load WR/TE early, grab RBs in mid-rounds",1516.42,Generic,Jahmyr Gibbs,RB,Chris Olave,WR,Zay Flowers,WR,Davante Adams,WR,Colston Loveland,TE,Carnell Tate,WR,Dak Prescott,QB,DEF (Round 8),DEF,K (Round 9),K,Jacory Croskey-Merritt,RB,Jonathon Brooks,RB,Isaiah Likely,TE,Jordan Mason,RB,Tank Dell,WR,Tyrone Tracy Jr.,RB,WR (unavailable),WR,False
5,1,Best-Available,Pick best value within ADP range regardless of position,1573.513333333333,Generic,Ja'Marr Chase,WR,Omarion Hampton,RB,Kyren Williams,RB,Bucky Irving,RB,Jaylen Waddle,WR,Jaylen Warren,RB,Christian Watson,WR,Kyle Pitts Sr.,TE,Caleb Williams,QB,Makai Lemon,WR,Jared Goff,QB,Jerry Jeudy,WR,Tyler Shough,QB,Hunter Henry,TE,Jake Ferguson,TE,No player available,,True
5,2,Value-Play (Combo),Value-Play strategy optimized for slot 5,1569.013333333333,RB/WR Combo,Ja'Marr Chase,WR,Omarion Hampton,RB,Kyren Williams,RB,Davante Adams,WR,Jaylen Waddle,WR,Tyler Warren,TE,Dak Prescott,QB,DEF (Round 8),DEF,K (Round 9),K,Makai Lemon,WR,Jonathon Brooks,RB,Jerry Jeudy,WR,Isaiah Likely,TE,Isiah Pacheco,RB,Tank Dell,WR,Tyrone Tracy Jr.,RB,True
5,3,WR-First (Combo),WR-First strategy optimized for slot 5,1558.6366666666668,RB/WR Combo,Ja'Marr Chase,WR,Chris Olave,WR,Kyren Williams,RB,Bucky Irving,RB,Jaylen Waddle,WR,Tyler Warren,TE,Dak Prescott,QB,DEF (Round 8),DEF,K (Round 9),K,Makai Lemon,WR,Jonathon Brooks,RB,Jerry Jeudy,WR,Alvin Kamara,RB,Hunter Henry,TE,Tank Dell,WR,Tyrone Tracy Jr.,RB,True
5,4,Ryans-Animal,"Only draft players from teams with animal mascots, best available strategy",1547.8866666666668,Generic,Ja'Marr Chase,WR,Jeremiyah Love,RB,Zay Flowers,WR,Tee Higgins,WR,Jaylen Waddle,WR,Tyler Warren,TE,RJ Harvey,RB,Kyle Pitts Sr.,TE,Caleb Williams,QB,Makai Lemon,WR,Jared Goff,QB,No player available,,Zach Charbonnet,RB,No player available,,No player available,,No player available,,True
5,5,TE-Premium (Combo),TE-Premium strategy optimized for slot 5,1539.743333333333,RB/WR Combo,Christian McCaffrey,RB,Chris Olave,WR,Trey McBride,TE,Davante Adams,WR,Quinshon Judkins,RB,Carnell Tate,WR,Dak Prescott,QB,DEF (Round 8),DEF,K (Round 9),K,Jacory Croskey-Merritt,RB,Matthew Golden,WR,Isaiah Likely,TE,Alvin Kamara,RB,Tank Dell,WR,Jake Ferguson,TE,Tyrone Tracy Jr.,RB,True
5,6,WR-Heavy,"Three WRs in first 5 picks, RB value in mid rounds for bench",1531.513333333333,Generic,Ja'Marr Chase,WR,Omarion Hampton,RB,Zay Flowers,WR,Davante Adams,WR,Quinshon Judkins,RB,Tyler Warren,TE,Dak Prescott,QB,DEF (Round 8),DEF,K (Round 9),K,Makai Lemon,WR,Jonathon Brooks,RB,Isaiah Likely,TE,Alvin Kamara,RB,Tank Dell,WR,Denzel Boston,WR,Tyrone Tracy Jr.,RB,False
5,7,Heavy-RB,"Three elite RBs in first 3 rounds, pivot to WR depth",1528.0933333333332,Generic,Christian McCaffrey,RB,Omarion Hampton,RB,Kyren Williams,RB,Davante Adams,WR,Jaylen Waddle,WR,Tyler Warren,TE,Dak Prescott,QB,DEF (Round 8),DEF,K (Round 9),K,Jacory Croskey-Merritt,RB,Matthew Golden,WR,Blake Corum,RB,Jalen McMillan,WR,Hunter Henry,TE,Tyrone Tracy Jr.,RB,WR (unavailable),WR,False
5,8,RB-First (Combo),RB-First strategy optimized for slot 5,1526.3433333333332,RB/WR Combo,Christian McCaffrey,RB,Omarion Hampton,RB,Zay Flowers,WR,Davante Adams,WR,Jaylen Waddle,WR,Tyler Warren,TE,Dak Prescott,QB,DEF (Round 8),DEF,K (Round 9),K,Jacory Croskey-Merritt,RB,Matthew Golden,WR,Blake Corum,RB,Jalen McMillan,WR,Hunter Henry,TE,Tyrone Tracy Jr.,RB,WR (unavailable),WR,False
5,9,Zero-RB,"Three elite WRs early, RBs in mid rounds for strong bench depth",1525.1366666666668,Generic,Ja'Marr Chase,WR,Chris Olave,WR,Zay Flowers,WR,Bucky Irving,RB,Quinshon Judkins,RB,Tyler Warren,TE,Dak Prescott,QB,DEF (Round 8),DEF,K (Round 9),K,Jacory Croskey-Merritt,RB,Matthew Golden,WR,Blake Corum,RB,Jalen McMillan,WR,Hunter Henry,TE,Tyrone Tracy Jr.,RB,WR (unavailable),WR,False
5,10,Balanced,"Balanced RB/WR mix early, strong TE/flex depth on bench",1519.2166666666667,Generic,Christian McCaffrey,RB,Chris Olave,WR,Kyren Williams,RB,Davante Adams,WR,Jaylen Waddle,WR,Tyler Warren,TE,Dak Prescott,QB,DEF (Round 8),DEF,K (Round 9),K,Jacory Croskey-Merritt,RB,Matthew Golden,WR,Isaiah Likely,TE,Alvin Kamara,RB,Tank Dell,WR,Tyrone Tracy Jr.,RB,WR (unavailable),WR,False
5,11,RB-WR-Mix (Combo),RB-WR-Mix strategy optimized for slot 5,1519.2166666666667,RB/WR Combo,Christian McCaffrey,RB,Chris Olave,WR,Kyren Williams,RB,Davante Adams,WR,Jaylen Waddle,WR,Tyler Warren,TE,Dak Prescott,QB,DEF (Round 8),DEF,K (Round 9),K,Jacory Croskey-Merritt,RB,Matthew Golden,WR,Isaiah Likely,TE,Alvin Kamara,RB,Tank Dell,WR,Tyrone Tracy Jr.,RB,WR (unavailable),WR,False
5,12,Hero-RB,"Elite RB in R1, skip R2 RB, load WR/TE early, grab RBs in mid-rounds",1507.9666666666667,Generic,Christian McCaffrey,RB,Chris Olave,WR,Zay Flowers,WR,Davante Adams,WR,Colston Loveland,TE,Carnell Tate,WR,Dak Prescott,QB,DEF (Round 8),DEF,K (Round 9),K,Jacory Croskey-Merritt,RB,Jonathon Brooks,RB,Isaiah Likely,TE,Alvin Kamara,RB,Tank Dell,WR,Tyrone Tracy Jr.,RB,WR (unavailable),WR,False
6,1,Best-Available,Pick best value within ADP range regardless of position,1575.006666666667,Generic,Christian McCaffrey,RB,Chase Brown,RB,Kyren Williams,RB,Emeka Egbuka,WR,Drake Maye,QB,Joe Burrow,QB,Chuba Hubbard,RB,Brian Thomas Jr.,WR,Chris Godwin Jr.,WR,Makai Lemon,WR,Matthew Golden,WR,Tyjae Spears,RB,Tyler Shough,QB,Hunter Henry,TE,Jake Ferguson,TE,No player available,,True
6,2,Value-Play (Combo),Value-Play strategy optimized for slot 6,1569.0433333333333,RB/WR Combo,Jaxon Smith-Njigba,WR,Chase Brown,RB,Kyren Williams,RB,Emeka Egbuka,WR,Rome Odunze,WR,Tyler Warren,TE,Dak Prescott,QB,DEF (Round 8),DEF,K (Round 9),K,Makai Lemon,WR,Jonathon Brooks,RB,Jerry Jeudy,WR,Isaiah Likely,TE,Zach Charbonnet,RB,Tank Dell,WR,Tyrone Tracy Jr.,RB,True
6,3,TE-Premium (Combo),TE-Premium strategy optimized for slot 6,1556.743333333333,RB/WR Combo,Christian McCaffrey,RB,Chris Olave,WR,Trey McBride,TE,Emeka Egbuka,WR,Quinshon Judkins,RB,Carnell Tate,WR,Dak Prescott,QB,DEF (Round 8),DEF,K (Round 9),K,Jacory Croskey-Merritt,RB,Matthew Golden,WR,Isaiah Likely,TE,Alvin Kamara,RB,Jauan Jennings,WR,Jake Ferguson,TE,Tyrone Tracy Jr.,RB,True
6,4,WR-First (Combo),WR-First strategy optimized for slot 6,1552.253333333333,RB/WR Combo,Jaxon Smith-Njigba,WR,Chris Olave,WR,Kyren Williams,RB,Bucky Irving,RB,Rome Odunze,WR,Tyler Warren,TE,Dak Prescott,QB,DEF (Round 8),DEF,K (Round 9),K,Makai Lemon,WR,Jonathon Brooks,RB,Jerry Jeudy,WR,Alvin Kamara,RB,Hunter Henry,TE,Tank Dell,WR,Tyrone Tracy Jr.,RB,True
6,5,WR-Heavy,"Three WRs in first 5 picks, RB value in mid rounds for bench",1551.7933333333333,Generic,Jaxon Smith-Njigba,WR,Chase Brown,RB,Zay Flowers,WR,Emeka Egbuka,WR,Quinshon Judkins,RB,Tyler Warren,TE,Dak Prescott,QB,DEF (Round 8),DEF,K (Round 9),K,Makai Lemon,WR,Jonathon Brooks,RB,Isaiah Likely,TE,Alvin Kamara,RB,Jauan Jennings,WR,Tank Dell,WR,Tyrone Tracy Jr.,RB,True
6,6,Heavy-RB,"Three elite RBs in first 3 rounds, pivot to WR depth",1548.256666666667,Generic,Christian McCaffrey,RB,Chase Brown,RB,Kyren Williams,RB,Emeka Egbuka,WR,Rome Odunze,WR,Tyler Warren,TE,Dak Prescott,QB,DEF (Round 8),DEF,K (Round 9),K,Jacory Croskey-Merritt,RB,Matthew Golden,WR,Tyjae Spears,RB,Jalen McMillan,WR,Hunter Henry,TE,Tyrone Tracy Jr.,RB,Denzel Boston,WR,False
6,7,RB-First (Combo),RB-First strategy optimized for slot 6,1546.506666666667,RB/WR Combo,Christian McCaffrey,RB,Chase Brown,RB,Zay Flowers,WR,Emeka Egbuka,WR,Rome Odunze,WR,Tyler Warren,TE,Dak Prescott,QB,DEF (Round 8),DEF,K (Round 9),K,Jacory Croskey-Merritt,RB,Matthew Golden,WR,Tyjae Spears,RB,Jalen McMillan,WR,Hunter Henry,TE,Tyrone Tracy Jr.,RB,Denzel Boston,WR,False
6,8,Balanced,"Balanced RB/WR mix early, strong TE/flex depth on bench",1544.9666666666667,Generic,Christian McCaffrey,RB,Chris Olave,WR,Kyren Williams,RB,Emeka Egbuka,WR,Rome Odunze,WR,Tyler Warren,TE,Dak Prescott,QB,DEF (Round 8),DEF,K (Round 9),K,Jacory Croskey-Merritt,RB,Matthew Golden,WR,Isaiah Likely,TE,Alvin Kamara,RB,Jauan Jennings,WR,Tyrone Tracy Jr.,RB,Denzel Boston,WR,False
6,9,RB-WR-Mix (Combo),RB-WR-Mix strategy optimized for slot 6,1544.9666666666667,RB/WR Combo,Christian McCaffrey,RB,Chris Olave,WR,Kyren Williams,RB,Emeka Egbuka,WR,Rome Odunze,WR,Tyler Warren,TE,Dak Prescott,QB,DEF (Round 8),DEF,K (Round 9),K,Jacory Croskey-Merritt,RB,Matthew Golden,WR,Isaiah Likely,TE,Alvin Kamara,RB,Jauan Jennings,WR,Tyrone Tracy Jr.,RB,Denzel Boston,WR,False
6,10,Zero-RB,"Three elite WRs early, RBs in mid rounds for strong bench depth",1544.003333333333,Generic,Jaxon Smith-Njigba,WR,Chris Olave,WR,Zay Flowers,WR,Bucky Irving,RB,Quinshon Judkins,RB,Tyler Warren,TE,Dak Prescott,QB,DEF (Round 8),DEF,K (Round 9),K,Jacory Croskey-Merritt,RB,Matthew Golden,WR,Tyjae Spears,RB,Jalen McMillan,WR,Hunter Henry,TE,Tyrone Tracy Jr.,RB,Denzel Boston,WR,False
6,11,Ryans-Animal,"Only draft players from teams with animal mascots, best available strategy",1542.2933333333333,Generic,Jaxon Smith-Njigba,WR,Chase Brown,RB,Zay Flowers,WR,Tee Higgins,WR,Rome Odunze,WR,Joe Burrow,QB,RJ Harvey,RB,Kyle Pitts Sr.,TE,Mark Andrews,TE,Makai Lemon,WR,Bo Nix,QB,No player available,,Zach Charbonnet,RB,No player available,,No player available,,No player available,,False
6,12,Hero-RB,"Elite RB in R1, skip R2 RB, load WR/TE early, grab RBs in mid-rounds",1537.9666666666667,Generic,Christian McCaffrey,RB,Chris Olave,WR,Zay Flowers,WR,Emeka Egbuka,WR,Colston Loveland,TE,Carnell Tate,WR,Dak Prescott,QB,DEF (Round 8),DEF,K (Round 9),K,Jacory Croskey-Merritt,RB,Jonathon Brooks,RB,Isaiah Likely,TE,Alvin Kamara,RB,Jauan Jennings,WR,Tyrone Tracy Jr.,RB,Denzel Boston,WR,False
7,1,Value-Play (Combo),Value-Play strategy optimized for slot 7,1570.2933333333333,RB/WR Combo,Jaxon Smith-Njigba,WR,Chase Brown,RB,Breece Hall,RB,Malik Nabers,WR,Rome Odunze,WR,Tyler Warren,TE,Dak Prescott,QB,DEF (Round 8),DEF,K (Round 9),K,Makai Lemon,WR,Jonathon Brooks,RB,Jerry Jeudy,WR,Isaiah Likely,TE,Woody Marks,RB,Tank Dell,WR,Tyrone Tracy Jr.,RB,True
7,2,Best-Available,Pick best value within ADP range regardless of position,1568.506666666667,Generic,Christian McCaffrey,RB,Chase Brown,RB,Breece Hall,RB,Malik Nabers,WR,Rome Odunze,WR,Wan'Dale Robinson,WR,Dak Prescott,QB,J.K. Dobbins,RB,Deebo Samuel Sr.,WR,Makai Lemon,WR,Calvin Ridley,WR,Tyjae Spears,RB,Tyler Shough,QB,Hunter Henry,TE,Tank Dell,WR,No player available,,True
7,3,WR-First (Combo),WR-First strategy optimized for slot 7,1558.3366666666666,RB/WR Combo,Jaxon Smith-Njigba,WR,Drake London,WR,Breece Hall,RB,Bucky Irving,RB,Rome Odunze,WR,Tyler Warren,TE,Dak Prescott,QB,DEF (Round 8),DEF,K (Round 9),K,Makai Lemon,WR,Jonathon Brooks,RB,Jerry Jeudy,WR,Alvin Kamara,RB,Hunter Henry,TE,Tank Dell,WR,Tyrone Tracy Jr.,RB,True
7,4,Hero-RB,"Elite RB in R1, skip R2 RB, load WR/TE early, grab RBs in mid-rounds",1553.3,Generic,Christian McCaffrey,RB,Drake London,WR,Zay Flowers,WR,Malik Nabers,WR,Colston Loveland,TE,Wan'Dale Robinson,WR,Dak Prescott,QB,DEF (Round 8),DEF,K (Round 9),K,Jacory Croskey-Merritt,RB,Jonathon Brooks,RB,Isaiah Likely,TE,Alvin Kamara,RB,Jalen McMillan,WR,Tyrone Tracy Jr.,RB,Denzel Boston,WR,True
7,5,Balanced,"Balanced RB/WR mix early, strong TE/flex depth on bench",1551.3,Generic,Christian McCaffrey,RB,Drake London,WR,Breece Hall,RB,Malik Nabers,WR,Rome Odunze,WR,Tyler Warren,TE,Dak Prescott,QB,DEF (Round 8),DEF,K (Round 9),K,Jacory Croskey-Merritt,RB,Calvin Ridley,WR,Isaiah Likely,TE,Alvin Kamara,RB,Jalen McMillan,WR,Tyrone Tracy Jr.,RB,Denzel Boston,WR,True
7,6,RB-WR-Mix (Combo),RB-WR-Mix strategy optimized for slot 7,1551.3,RB/WR Combo,Christian McCaffrey,RB,Drake London,WR,Breece Hall,RB,Malik Nabers,WR,Rome Odunze,WR,Tyler Warren,TE,Dak Prescott,QB,DEF (Round 8),DEF,K (Round 9),K,Jacory Croskey-Merritt,RB,Calvin Ridley,WR,Isaiah Likely,TE,Alvin Kamara,RB,Jalen McMillan,WR,Tyrone Tracy Jr.,RB,Denzel Boston,WR,False
7,7,WR-Heavy,"Three WRs in first 5 picks, RB value in mid rounds for bench",1550.2933333333333,Generic,Jaxon Smith-Njigba,WR,Chase Brown,RB,Zay Flowers,WR,Malik Nabers,WR,Bhayshul Tuten,RB,Tyler Warren,TE,Dak Prescott,QB,DEF (Round 8),DEF,K (Round 9),K,Makai Lemon,WR,Jonathon Brooks,RB,Isaiah Likely,TE,Alvin Kamara,RB,Jalen McMillan,WR,Tank Dell,WR,Tyrone Tracy Jr.,RB,False
7,8,Heavy-RB,"Three elite RBs in first 3 rounds, pivot to WR depth",1546.506666666667,Generic,Christian McCaffrey,RB,Chase Brown,RB,Breece Hall,RB,Malik Nabers,WR,Rome Odunze,WR,Tyler Warren,TE,Dak Prescott,QB,DEF (Round 8),DEF,K (Round 9),K,Jacory Croskey-Merritt,RB,Calvin Ridley,WR,Tyjae Spears,RB,Jalen McMillan,WR,Hunter Henry,TE,Tyrone Tracy Jr.,RB,Denzel Boston,WR,False
7,9,TE-Premium (Combo),TE-Premium strategy optimized for slot 7,1546.2733333333333,RB/WR Combo,Christian McCaffrey,RB,Drake London,WR,Brock Bowers,TE,Malik Nabers,WR,Bhayshul Tuten,RB,Wan'Dale Robinson,WR,Dak Prescott,QB,DEF (Round 8),DEF,K (Round 9),K,Jacory Croskey-Merritt,RB,Calvin Ridley,WR,Isaiah Likely,TE,Alvin Kamara,RB,Jalen McMillan,WR,Dalton Kincaid,TE,Tyrone Tracy Jr.,RB,False
7,10,RB-First (Combo),RB-First strategy optimized for slot 7,1545.756666666667,RB/WR Combo,Christian McCaffrey,RB,Chase Brown,RB,Zay Flowers,WR,Malik Nabers,WR,Rome Odunze,WR,Tyler Warren,TE,Dak Prescott,QB,DEF (Round 8),DEF,K (Round 9),K,Jacory Croskey-Merritt,RB,Calvin Ridley,WR,Tyjae Spears,RB,Jalen McMillan,WR,Hunter Henry,TE,Tyrone Tracy Jr.,RB,Denzel Boston,WR,False
7,11,Zero-RB,"Three elite WRs early, RBs in mid rounds for strong bench depth",1545.3366666666666,Generic,Jaxon Smith-Njigba,WR,Drake London,WR,Zay Flowers,WR,Bucky Irving,RB,Bhayshul Tuten,RB,Tyler Warren,TE,Dak Prescott,QB,DEF (Round 8),DEF,K (Round 9),K,Jacory Croskey-Merritt,RB,Calvin Ridley,WR,Tyjae Spears,RB,Jalen McMillan,WR,Hunter Henry,TE,Tyrone Tracy Jr.,RB,Denzel Boston,WR,False
7,12,Ryans-Animal,"Only draft players from teams with animal mascots, best available strategy",1541.2933333333333,Generic,Jaxon Smith-Njigba,WR,Chase Brown,RB,Zay Flowers,WR,Tee Higgins,WR,Rome Odunze,WR,Joe Burrow,QB,RJ Harvey,RB,J.K. Dobbins,RB,Mark Andrews,TE,Makai Lemon,WR,Bo Nix,QB,No player available,,Zach Charbonnet,RB,No player available,,Dalton Kincaid,TE,No player available,,False
8,1,Best-Available,Pick best value within ADP range regardless of position,1590.513333333333,Generic,Jonathan Taylor,RB,Justin Jefferson,WR,Zay Flowers,WR,Javonte Williams,RB,Rome Odunze,WR,Wan'Dale Robinson,WR,Dak Prescott,QB,Trevor Lawrence,QB,Mark Andrews,TE,Khalil Shakir,WR,Calvin Ridley,WR,Jalen Coker,WR,Tyler Shough,QB,Jauan Jennings,WR,Tank Dell,WR,Dalton Kincaid,TE,True
8,2,Value-Play (Combo),Value-Play strategy optimized for slot 8,1574.9066666666668,RB/WR Combo,Amon-Ra St. Brown,WR,Saquon Barkley,RB,Kyren Williams,RB,Malik Nabers,WR,Rome Odunze,WR,Tyler Warren,TE,Dak Prescott,QB,DEF (Round 8),DEF,K (Round 9),K,Khalil Shakir,WR,Jonathon Brooks,RB,Jalen Coker,WR,Isaiah Likely,TE,Isiah Pacheco,RB,Tank Dell,WR,Tyrone Tracy Jr.,RB,True
8,3,WR-First (Combo),WR-First strategy optimized for slot 8,1566.9299999999998,RB/WR Combo,Amon-Ra St. Brown,WR,Justin Jefferson,WR,Kyren Williams,RB,Javonte Williams,RB,Rome Odunze,WR,Tyler Warren,TE,Dak Prescott,QB,DEF (Round 8),DEF,K (Round 9),K,Khalil Shakir,WR,Jonathon Brooks,RB,Jalen Coker,WR,Alvin Kamara,RB,Hunter Henry,TE,Tank Dell,WR,Tyrone Tracy Jr.,RB,True
8,4,WR-Heavy,"Three WRs in first 5 picks, RB value in mid rounds for bench",1553.9066666666668,Generic,Amon-Ra St. Brown,WR,Saquon Barkley,RB,Zay Flowers,WR,Malik Nabers,WR,Bhayshul Tuten,RB,Tyler Warren,TE,Dak Prescott,QB,DEF (Round 8),DEF,K (Round 9),K,Khalil Shakir,WR,Jonathon Brooks,RB,Isaiah Likely,TE,Alvin Kamara,RB,Jauan Jennings,WR,Tank Dell,WR,Tyrone Tracy Jr.,RB,True
8,5,Ryans-Animal,"Only draft players from teams with animal mascots, best available strategy",1550.24,Generic,Jonathan Taylor,RB,Saquon Barkley,RB,Zay Flowers,WR,Tee Higgins,WR,Rome Odunze,WR,Joe Burrow,QB,RJ Harvey,RB,J.K. Dobbins,RB,Mark Andrews,TE,Khalil Shakir,WR,Bo Nix,QB,No player available,,Zach Charbonnet,RB,No player available,,Dalton Kincaid,TE,No player available,,True
8,6,Hero-RB,"Elite RB in R1, skip R2 RB, load WR/TE early, grab RBs in mid-rounds",1549.513333333333,Generic,Jonathan Taylor,RB,Justin Jefferson,WR,Zay Flowers,WR,Malik Nabers,WR,Colston Loveland,TE,Wan'Dale Robinson,WR,Dak Prescott,QB,DEF (Round 8),DEF,K (Round 9),K,Jacory Croskey-Merritt,RB,Jonathon Brooks,RB,Isaiah Likely,TE,Alvin Kamara,RB,Jauan Jennings,WR,Tyrone Tracy Jr.,RB,Denzel Boston,WR,False
8,7,RB-WR-Mix (Combo),RB-WR-Mix strategy optimized for slot 8,1548.513333333333,RB/WR Combo,Jonathan Taylor,RB,Justin Jefferson,WR,Kyren Williams,RB,Malik Nabers,WR,Rome Odunze,WR,Tyler Warren,TE,Dak Prescott,QB,DEF (Round 8),DEF,K (Round 9),K,Jacory Croskey-Merritt,RB,Calvin Ridley,WR,Isaiah Likely,TE,Alvin Kamara,RB,Jauan Jennings,WR,Tyrone Tracy Jr.,RB,Denzel Boston,WR,False
8,8,Balanced,"Balanced RB/WR mix early, strong TE/flex depth on bench",1548.513333333333,Generic,Jonathan Taylor,RB,Justin Jefferson,WR,Kyren Williams,RB,Malik Nabers,WR,Rome Odunze,WR,Tyler Warren,TE,Dak Prescott,QB,DEF (Round 8),DEF,K (Round 9),K,Jacory Croskey-Merritt,RB,Calvin Ridley,WR,Isaiah Likely,TE,Alvin Kamara,RB,Jauan Jennings,WR,Tyrone Tracy Jr.,RB,Denzel Boston,WR,False
8,9,Heavy-RB,"Three elite RBs in first 3 rounds, pivot to WR depth",1548.24,Generic,Jonathan Taylor,RB,Saquon Barkley,RB,Kyren Williams,RB,Malik Nabers,WR,Rome Odunze,WR,Tyler Warren,TE,Dak Prescott,QB,DEF (Round 8),DEF,K (Round 9),K,Jacory Croskey-Merritt,RB,Calvin Ridley,WR,Tyjae Spears,RB,Jalen McMillan,WR,Hunter Henry,TE,Tyrone Tracy Jr.,RB,Denzel Boston,WR,False
8,10,RB-First (Combo),RB-First strategy optimized for slot 8,1546.49,RB/WR Combo,Jonathan Taylor,RB,Saquon Barkley,RB,Zay Flowers,WR,Malik Nabers,WR,Rome Odunze,WR,Tyler Warren,TE,Dak Prescott,QB,DEF (Round 8),DEF,K (Round 9),K,Jacory Croskey-Merritt,RB,Calvin Ridley,WR,Tyjae Spears,RB,Jalen McMillan,WR,Hunter Henry,TE,Tyrone Tracy Jr.,RB,Denzel Boston,WR,False
8,11,Zero-RB,"Three elite WRs early, RBs in mid rounds for strong bench depth",1544.9299999999998,Generic,Amon-Ra St. Brown,WR,Justin Jefferson,WR,Zay Flowers,WR,Javonte Williams,RB,Bhayshul Tuten,RB,Tyler Warren,TE,Dak Prescott,QB,DEF (Round 8),DEF,K (Round 9),K,Jacory Croskey-Merritt,RB,Calvin Ridley,WR,Tyjae Spears,RB,Jalen McMillan,WR,Hunter Henry,TE,Tyrone Tracy Jr.,RB,Denzel Boston,WR,False
8,12,TE-Premium (Combo),TE-Premium strategy optimized for slot 8,1542.486666666667,RB/WR Combo,Jonathan Taylor,RB,Justin Jefferson,WR,Brock Bowers,TE,Malik Nabers,WR,Bhayshul Tuten,RB,Wan'Dale Robinson,WR,Dak Prescott,QB,DEF (Round 8),DEF,K (Round 9),K,Jacory Croskey-Merritt,RB,Calvin Ridley,WR,Isaiah Likely,TE,Alvin Kamara,RB,Jauan Jennings,WR,Dalton Kincaid,TE,Tyrone Tracy Jr.,RB,False
9,1,Best-Available,Pick best value within ADP range regardless of position,1584.5933333333332,Generic,Amon-Ra St. Brown,WR,Drake London,WR,DeVonta Smith,WR,Terry McLaurin,WR,Rome Odunze,WR,Jadarian Price,RB,RJ Harvey,RB,Trevor Lawrence,QB,Michael Wilson,WR,Kyle Monangai,RB,Jaxson Dart,QB,Jalen Coker,WR,Alvin Kamara,RB,Jalen McMillan,WR,Denzel Boston,WR,Dalton Kincaid,TE,True
9,2,Value-Play (Combo),Value-Play strategy optimized for slot 9,1562.5966666666668,RB/WR Combo,Amon-Ra St. Brown,WR,Derrick Henry,RB,Travis Etienne Jr.,RB,Terry McLaurin,WR,Rome Odunze,WR,Tyler Warren,TE,Jalen Hurts,QB,DEF (Round 8),DEF,K (Round 9),K,Khalil Shakir,WR,Jonathon Brooks,RB,Jalen Coker,WR,Isaiah Likely,TE,Isiah Pacheco,RB,Denzel Boston,WR,Tyrone Tracy Jr.,RB,True
9,3,Ryans-Animal,"Only draft players from teams with animal mascots, best available strategy",1558.8433333333332,Generic,Amon-Ra St. Brown,WR,Drake London,WR,DeVonta Smith,WR,No player available,,Rome Odunze,WR,Jadarian Price,RB,RJ Harvey,RB,J.K. Dobbins,RB,Michael Wilson,WR,Kyle Monangai,RB,Bo Nix,QB,No player available,,Zach Charbonnet,RB,No player available,,Dalton Kincaid,TE,No player available,,True
9,4,Hero-RB,"Elite RB in R1, skip R2 RB, load WR/TE early, grab RBs in mid-rounds",1554.65,Generic,De'Von Achane,RB,Drake London,WR,DeVonta Smith,WR,Terry McLaurin,WR,Colston Loveland,TE,Wan'Dale Robinson,WR,Jalen Hurts,QB,DEF (Round 8),DEF,K (Round 9),K,Kyle Monangai,RB,Jonathon Brooks,RB,Isaiah Likely,TE,Alvin Kamara,RB,Jalen McMillan,WR,Tyrone Tracy Jr.,RB,Denzel Boston,WR,True
9,5,WR-First (Combo),WR-First strategy optimized for slot 9,1553.8433333333332,RB/WR Combo,Amon-Ra St. Brown,WR,Drake London,WR,Travis Etienne Jr.,RB,Javonte Williams,RB,Rome Odunze,WR,Tyler Warren,TE,Jalen Hurts,QB,DEF (Round 8),DEF,K (Round 9),K,Khalil Shakir,WR,Jonathon Brooks,RB,Jalen Coker,WR,Alvin Kamara,RB,Hunter Henry,TE,Denzel Boston,WR,Tyrone Tracy Jr.,RB,True
9,6,WR-Heavy,"Three WRs in first 5 picks, RB value in mid rounds for bench",1548.5966666666668,Generic,Amon-Ra St. Brown,WR,Derrick Henry,RB,DeVonta Smith,WR,Terry McLaurin,WR,Bhayshul Tuten,RB,Tyler Warren,TE,Jalen Hurts,QB,DEF (Round 8),DEF,K (Round 9),K,Khalil Shakir,WR,Jonathon Brooks,RB,Isaiah Likely,TE,Alvin Kamara,RB,Jalen McMillan,WR,Denzel Boston,WR,Tyrone Tracy Jr.,RB,False
9,7,Zero-RB,"Three elite WRs early, RBs in mid rounds for strong bench depth",1541.8433333333332,Generic,Amon-Ra St. Brown,WR,Drake London,WR,DeVonta Smith,WR,Javonte Williams,RB,Bhayshul Tuten,RB,Tyler Warren,TE,Jalen Hurts,QB,DEF (Round 8),DEF,K (Round 9),K,Kyle Monangai,RB,Jalen Coker,WR,Tyjae Spears,RB,Jalen McMillan,WR,Hunter Henry,TE,Tyrone Tracy Jr.,RB,Denzel Boston,WR,False
9,8,RB-First (Combo),RB-First strategy optimized for slot 9,1541.1533333333332,RB/WR Combo,De'Von Achane,RB,Derrick Henry,RB,DeVonta Smith,WR,Terry McLaurin,WR,Rome Odunze,WR,Tyler Warren,TE,Jalen Hurts,QB,DEF (Round 8),DEF,K (Round 9),K,Kyle Monangai,RB,Jalen Coker,WR,Tyjae Spears,RB,Jalen McMillan,WR,Hunter Henry,TE,Tyrone Tracy Jr.,RB,Denzel Boston,WR,False
9,9,TE-Premium (Combo),TE-Premium strategy optimized for slot 9,1539.1233333333334,RB/WR Combo,De'Von Achane,RB,Drake London,WR,Brock Bowers,TE,Terry McLaurin,WR,Bhayshul Tuten,RB,Wan'Dale Robinson,WR,Jalen Hurts,QB,DEF (Round 8),DEF,K (Round 9),K,Kyle Monangai,RB,Jalen Coker,WR,Isaiah Likely,TE,Alvin Kamara,RB,Jalen McMillan,WR,Dalton Kincaid,TE,Tyrone Tracy Jr.,RB,False
9,10,Balanced,"Balanced RB/WR mix early, strong TE/flex depth on bench",1538.65,Generic,De'Von Achane,RB,Drake London,WR,Travis Etienne Jr.,RB,Terry McLaurin,WR,Rome Odunze,WR,Tyler Warren,TE,Jalen Hurts,QB,DEF (Round 8),DEF,K (Round 9),K,Kyle Monangai,RB,Jalen Coker,WR,Isaiah Likely,TE,Alvin Kamara,RB,Jalen McMillan,WR,Tyrone Tracy Jr.,RB,Denzel Boston,WR,False
9,11,RB-WR-Mix (Combo),RB-WR-Mix strategy optimized for slot 9,1538.65,RB/WR Combo,De'Von Achane,RB,Drake London,WR,Travis Etienne Jr.,RB,Terry McLaurin,WR,Rome Odunze,WR,Tyler Warren,TE,Jalen Hurts,QB,DEF (Round 8),DEF,K (Round 9),K,Kyle Monangai,RB,Jalen Coker,WR,Isaiah Likely,TE,Alvin Kamara,RB,Jalen McMillan,WR,Tyrone Tracy Jr.,RB,Denzel Boston,WR,False
9,12,Heavy-RB,"Three elite RBs in first 3 rounds, pivot to WR depth",1536.9033333333332,Generic,De'Von Achane,RB,Derrick Henry,RB,Travis Etienne Jr.,RB,Terry McLaurin,WR,Rome Odunze,WR,Tyler Warren,TE,Jalen Hurts,QB,DEF (Round 8),DEF,K (Round 9),K,Kyle Monangai,RB,Jalen Coker,WR,Tyjae Spears,RB,Jalen McMillan,WR,Hunter Henry,TE,Tyrone Tracy Jr.,RB,Denzel Boston,WR,False
10,1,Best-Available,Pick best value within ADP range regardless of position,1583.7733333333333,Generic,De'Von Achane,RB,Ashton Jeanty,RB,Tetairoa McMillan,WR,Terry McLaurin,WR,Courtland Sutton,WR,Lamar Jackson,QB,RJ Harvey,RB,Aaron Jones Sr.,RB,Rachaad White,RB,Josh Downs,WR,Jonathon Brooks,RB,Jalen Coker,WR,Isaiah Likely,TE,Isiah Pacheco,RB,Denzel Boston,WR,Jordan Love,QB,True
10,2,Value-Play (Combo),Value-Play strategy optimized for slot 10,1562.3133333333333,RB/WR Combo,CeeDee Lamb,WR,Ashton Jeanty,RB,Travis Etienne Jr.,RB,Terry McLaurin,WR,Courtland Sutton,WR,Tyler Warren,TE,Jalen Hurts,QB,DEF (Round 8),DEF,K (Round 9),K,Josh Downs,WR,Jonathon Brooks,RB,Jalen Coker,WR,Isaiah Likely,TE,Isiah Pacheco,RB,Denzel Boston,WR,Tyrone Tracy Jr.,RB,True
10,3,Ryans-Animal,"Only draft players from teams with animal mascots, best available strategy",1559.4,Generic,De'Von Achane,RB,Drake London,WR,Josh Allen,QB,No player available,,Courtland Sutton,WR,Lamar Jackson,QB,RJ Harvey,RB,J.K. Dobbins,RB,Dallas Goedert,TE,Josh Downs,WR,Bo Nix,QB,No player available,,Zach Charbonnet,RB,Isiah Pacheco,RB,Dalton Kincaid,TE,No player available,,True
10,4,Hero-RB,"Elite RB in R1, skip R2 RB, load WR/TE early, grab RBs in mid-rounds",1556.4,Generic,De'Von Achane,RB,Drake London,WR,Tetairoa McMillan,WR,Terry McLaurin,WR,Colston Loveland,TE,DK Metcalf,WR,Jalen Hurts,QB,DEF (Round 8),DEF,K (Round 9),K,Kyle Monangai,RB,Jonathon Brooks,RB,Isaiah Likely,TE,Woody Marks,RB,Jalen McMillan,WR,Tyrone Tracy Jr.,RB,Tank Dell,WR,True
10,5,WR-First (Combo),WR-First strategy optimized for slot 10,1549.94,RB/WR Combo,CeeDee Lamb,WR,Drake London,WR,Travis Etienne Jr.,RB,Javonte Williams,RB,Courtland Sutton,WR,Tyler Warren,TE,Jalen Hurts,QB,DEF (Round 8),DEF,K (Round 9),K,Josh Downs,WR,Jonathon Brooks,RB,Jalen Coker,WR,Woody Marks,RB,Hunter Henry,TE,Denzel Boston,WR,Tyrone Tracy Jr.,RB,True
10,6,WR-Heavy,"Three WRs in first 5 picks, RB value in mid rounds for bench",1543.8133333333333,Generic,CeeDee Lamb,WR,Ashton Jeanty,RB,Tetairoa McMillan,WR,Terry McLaurin,WR,Bhayshul Tuten,RB,Tyler Warren,TE,Jalen Hurts,QB,DEF (Round 8),DEF,K (Round 9),K,Josh Downs,WR,Jonathon Brooks,RB,Isaiah Likely,TE,Woody Marks,RB,Jalen McMillan,WR,Denzel Boston,WR,Tyrone Tracy Jr.,RB,False
10,7,RB-First (Combo),RB-First strategy optimized for slot 10,1542.7733333333333,RB/WR Combo,De'Von Achane,RB,Ashton Jeanty,RB,Tetairoa McMillan,WR,Terry McLaurin,WR,Courtland Sutton,WR,Tyler Warren,TE,Jalen Hurts,QB,DEF (Round 8),DEF,K (Round 9),K,Kyle Monangai,RB,Jalen Coker,WR,Tyjae Spears,RB,Jalen McMillan,WR,Hunter Henry,TE,Tyrone Tracy Jr.,RB,Tank Dell,WR,False
10,8,Heavy-RB,"Three elite RBs in first 3 rounds, pivot to WR depth",1541.7733333333333,Generic,De'Von Achane,RB,Ashton Jeanty,RB,Travis Etienne Jr.,RB,Terry McLaurin,WR,Courtland Sutton,WR,Tyler Warren,TE,Jalen Hurts,QB,DEF (Round 8),DEF,K (Round 9),K,Kyle Monangai,RB,Jalen Coker,WR,Tyjae Spears,RB,Jalen McMillan,WR,Hunter Henry,TE,Tyrone Tracy Jr.,RB,Tank Dell,WR,False
10,9,TE-Premium (Combo),TE-Premium strategy optimized for slot 10,1540.1233333333334,RB/WR Combo,De'Von Achane,RB,Drake London,WR,Brock Bowers,TE,Terry McLaurin,WR,Bhayshul Tuten,RB,DK Metcalf,WR,Jalen Hurts,QB,DEF (Round 8),DEF,K (Round 9),K,Kyle Monangai,RB,Jalen Coker,WR,Isaiah Likely,TE,Woody Marks,RB,Jalen McMillan,WR,Dalton Kincaid,TE,Tyrone Tracy Jr.,RB,False
10,10,Balanced,"Balanced RB/WR mix early, strong TE/flex depth on bench",1539.9,Generic,De'Von Achane,RB,Drake London,WR,Travis Etienne Jr.,RB,Terry McLaurin,WR,Courtland Sutton,WR,Tyler Warren,TE,Jalen Hurts,QB,DEF (Round 8),DEF,K (Round 9),K,Kyle Monangai,RB,Jalen Coker,WR,Isaiah Likely,TE,Woody Marks,RB,Jalen McMillan,WR,Tyrone Tracy Jr.,RB,Tank Dell,WR,False
10,11,RB-WR-Mix (Combo),RB-WR-Mix strategy optimized for slot 10,1539.9,RB/WR Combo,De'Von Achane,RB,Drake London,WR,Travis Etienne Jr.,RB,Terry McLaurin,WR,Courtland Sutton,WR,Tyler Warren,TE,Jalen Hurts,QB,DEF (Round 8),DEF,K (Round 9),K,Kyle Monangai,RB,Jalen Coker,WR,Isaiah Likely,TE,Woody Marks,RB,Jalen McMillan,WR,Tyrone Tracy Jr.,RB,Tank Dell,WR,False
10,12,Zero-RB,"Three elite WRs early, RBs in mid rounds for strong bench depth",1539.44,Generic,CeeDee Lamb,WR,Drake London,WR,Tetairoa McMillan,WR,Javonte Williams,RB,Bhayshul Tuten,RB,Tyler Warren,TE,Jalen Hurts,QB,DEF (Round 8),DEF,K (Round 9),K,Kyle Monangai,RB,Jalen Coker,WR,Tyjae Spears,RB,Jalen McMillan,WR,Hunter Henry,TE,Tyrone Tracy Jr.,RB,Tank Dell,WR,False
11,1,Best-Available,Pick best value within ADP range regardless of position,1582.7733333333333,Generic,De'Von Achane,RB,Ashton Jeanty,RB,Tetairoa McMillan,WR,Terry McLaurin,WR,TreVeyon Henderson,RB,Mike Evans,WR,RJ Harvey,RB,Brock Purdy,QB,Xavier Worthy,WR,Quentin Johnston,WR,Bo Nix,QB,Jalen Coker,WR,Woody Marks,RB,George Kittle,TE,Denzel Boston,WR,Jordan Love,QB,True
11,2,WR-First (Combo),WR-First strategy optimized for slot 11,1562.44,RB/WR Combo,CeeDee Lamb,WR,Drake London,WR,Travis Etienne Jr.,RB,Javonte Williams,RB,Mike Evans,WR,Colston Loveland,TE,Jalen Hurts,QB,DEF (Round 8),DEF,K (Round 9),K,Quentin Johnston,WR,Tyjae Spears,RB,Jalen Coker,WR,Woody Marks,RB,George Kittle,TE,Denzel Boston,WR,Tyrone Tracy Jr.,RB,True
11,3,Ryans-Animal,"Only draft players from teams with animal mascots, best available strategy",1561.9,Generic,De'Von Achane,RB,Drake London,WR,Josh Allen,QB,No player available,,Marvin Harrison Jr.,WR,Colston Loveland,TE,RJ Harvey,RB,J.K. Dobbins,RB,Dallas Goedert,TE,Josh Downs,WR,Bo Nix,QB,No player available,,Zach Charbonnet,RB,Isiah Pacheco,RB,Dalton Kincaid,TE,No player available,,True
11,4,Value-Play (Combo),Value-Play strategy optimized for slot 11,1559.8133333333333,RB/WR Combo,CeeDee Lamb,WR,Ashton Jeanty,RB,Travis Etienne Jr.,RB,Terry McLaurin,WR,Mike Evans,WR,Colston Loveland,TE,Jalen Hurts,QB,DEF (Round 8),DEF,K (Round 9),K,Quentin Johnston,WR,Tyjae Spears,RB,Jalen Coker,WR,George Kittle,TE,Isiah Pacheco,RB,Denzel Boston,WR,Tyrone Tracy Jr.,RB,True
11,5,RB-First (Combo),RB-First strategy optimized for slot 11,1559.2733333333333,RB/WR Combo,De'Von Achane,RB,Ashton Jeanty,RB,Tetairoa McMillan,WR,Terry McLaurin,WR,Mike Evans,WR,Colston Loveland,TE,Jalen Hurts,QB,DEF (Round 8),DEF,K (Round 9),K,Kyle Monangai,RB,Jalen Coker,WR,Tyjae Spears,RB,Jalen McMillan,WR,George Kittle,TE,Tyrone Tracy Jr.,RB,Denzel Boston,WR,True
11,6,Heavy-RB,"Three elite RBs in first 3 rounds, pivot to WR depth",1558.2733333333333,Generic,De'Von Achane,RB,Ashton Jeanty,RB,Travis Etienne Jr.,RB,Terry McLaurin,WR,Mike Evans,WR,Colston Loveland,TE,Jalen Hurts,QB,DEF (Round 8),DEF,K (Round 9),K,Kyle Monangai,RB,Jalen Coker,WR,Tyjae Spears,RB,Jalen McMillan,WR,George Kittle,TE,Tyrone Tracy Jr.,RB,Denzel Boston,WR,False
11,7,Zero-RB,"Three elite WRs early, RBs in mid rounds for strong bench depth",1556.94,Generic,CeeDee Lamb,WR,Drake London,WR,Tetairoa McMillan,WR,Javonte Williams,RB,TreVeyon Henderson,RB,Colston Loveland,TE,Jalen Hurts,QB,DEF (Round 8),DEF,K (Round 9),K,Kyle Monangai,RB,Jalen Coker,WR,Tyjae Spears,RB,Jalen McMillan,WR,George Kittle,TE,Tyrone Tracy Jr.,RB,Denzel Boston,WR,False
11,8,WR-Heavy,"Three WRs in first 5 picks, RB value in mid rounds for bench",1546.3133333333333,Generic,CeeDee Lamb,WR,Ashton Jeanty,RB,Tetairoa McMillan,WR,Terry McLaurin,WR,TreVeyon Henderson,RB,Colston Loveland,TE,Jalen Hurts,QB,DEF (Round 8),DEF,K (Round 9),K,Quentin Johnston,WR,Tyjae Spears,RB,Isaiah Likely,TE,Woody Marks,RB,Jalen McMillan,WR,Denzel Boston,WR,Tyrone Tracy Jr.,RB,False
11,9,RB-WR-Mix (Combo),RB-WR-Mix strategy optimized for slot 11,1545.4,RB/WR Combo,De'Von Achane,RB,Drake London,WR,Travis Etienne Jr.,RB,Terry McLaurin,WR,Mike Evans,WR,Colston Loveland,TE,Jalen Hurts,QB,DEF (Round 8),DEF,K (Round 9),K,Kyle Monangai,RB,Jalen Coker,WR,Isaiah Likely,TE,Woody Marks,RB,Jalen McMillan,WR,Tyrone Tracy Jr.,RB,Denzel Boston,WR,False
11,10,Balanced,"Balanced RB/WR mix early, strong TE/flex depth on bench",1545.4,Generic,De'Von Achane,RB,Drake London,WR,Travis Etienne Jr.,RB,Terry McLaurin,WR,Mike Evans,WR,Colston Loveland,TE,Jalen Hurts,QB,DEF (Round 8),DEF,K (Round 9),K,Kyle Monangai,RB,Jalen Coker,WR,Isaiah Likely,TE,Woody Marks,RB,Jalen McMillan,WR,Tyrone Tracy Jr.,RB,Denzel Boston,WR,False
11,11,Hero-RB,"Elite RB in R1, skip R2 RB, load WR/TE early, grab RBs in mid-rounds",1544.4,Generic,De'Von Achane,RB,Drake London,WR,Tetairoa McMillan,WR,Terry McLaurin,WR,Colston Loveland,TE,Mike Evans,WR,Jalen Hurts,QB,DEF (Round 8),DEF,K (Round 9),K,Kyle Monangai,RB,Tyjae Spears,RB,Isaiah Likely,TE,Woody Marks,RB,Jalen McMillan,WR,Tyrone Tracy Jr.,RB,Denzel Boston,WR,False
11,12,TE-Premium (Combo),TE-Premium strategy optimized for slot 11,1540.6233333333334,RB/WR Combo,De'Von Achane,RB,Drake London,WR,Brock Bowers,TE,Terry McLaurin,WR,TreVeyon Henderson,RB,Mike Evans,WR,Jalen Hurts,QB,DEF (Round 8),DEF,K (Round 9),K,Kyle Monangai,RB,Jalen Coker,WR,Isaiah Likely,TE,Woody Marks,RB,Jalen McMillan,WR,Dalton Kincaid,TE,Tyrone Tracy Jr.,RB,False
12,1,Best-Available,Pick best value within ADP range regardless of position,1585.5633333333333,Generic,CeeDee Lamb,WR,Ashton Jeanty,RB,Tetairoa McMillan,WR,Josh Allen,QB,Lamar Jackson,QB,Bhayshul Tuten,RB,Jalen Hurts,QB,Jakobi Meyers,WR,Xavier Worthy,WR,Dallas Goedert,TE,Justin Herbert,QB,Jalen Coker,WR,Zach Charbonnet,RB,George Kittle,TE,Denzel Boston,WR,Tyrone Tracy Jr.,RB,True
12,2,WR-First (Combo),WR-First strategy optimized for slot 12,1564.19,RB/WR Combo,CeeDee Lamb,WR,Drake London,WR,Travis Etienne Jr.,RB,Cam Skattebo,RB,DK Metcalf,WR,Colston Loveland,TE,Jalen Hurts,QB,DEF (Round 8),DEF,K (Round 9),K,Quentin Johnston,WR,Tyjae Spears,RB,Jalen Coker,WR,Zach Charbonnet,RB,George Kittle,TE,Denzel Boston,WR,Tyrone Tracy Jr.,RB,True
12,3,Value-Play (Combo),Value-Play strategy optimized for slot 12,1558.8133333333333,RB/WR Combo,CeeDee Lamb,WR,Ashton Jeanty,RB,Travis Etienne Jr.,RB,Terry McLaurin,WR,DK Metcalf,WR,Colston Loveland,TE,Jalen Hurts,QB,DEF (Round 8),DEF,K (Round 9),K,Quentin Johnston,WR,Tyjae Spears,RB,Jalen Coker,WR,George Kittle,TE,Isiah Pacheco,RB,Denzel Boston,WR,Tyrone Tracy Jr.,RB,True
12,4,Zero-RB,"Three elite WRs early, RBs in mid rounds for strong bench depth",1558.44,Generic,CeeDee Lamb,WR,Drake London,WR,Tetairoa McMillan,WR,Travis Etienne Jr.,RB,Jadarian Price,RB,Colston Loveland,TE,Jalen Hurts,QB,DEF (Round 8),DEF,K (Round 9),K,Kyle Monangai,RB,Jalen Coker,WR,Tyjae Spears,RB,Jalen McMillan,WR,George Kittle,TE,Tyrone Tracy Jr.,RB,Denzel Boston,WR,True
12,5,Ryans-Animal,"Only draft players from teams with animal mascots, best available strategy",1554.8333333333337,Generic,No player available,,Drake London,WR,Josh Allen,QB,No player available,,Lamar Jackson,QB,Marvin Harrison Jr.,WR,Jalen Hurts,QB,J.K. Dobbins,RB,Dallas Goedert,TE,Josh Downs,WR,No player available,,No player available,,Zach Charbonnet,RB,Isiah Pacheco,RB,Dalton Kincaid,TE,No player available,,True
12,6,RB-First (Combo),RB-First strategy optimized for slot 12,1553.7933333333333,RB/WR Combo,Ashton Jeanty,RB,Derrick Henry,RB,Tetairoa McMillan,WR,Terry McLaurin,WR,DK Metcalf,WR,Colston Loveland,TE,Jalen Hurts,QB,DEF (Round 8),DEF,K (Round 9),K,Kyle Monangai,RB,Jalen Coker,WR,Tyjae Spears,RB,Jalen McMillan,WR,George Kittle,TE,Tyrone Tracy Jr.,RB,Denzel Boston,WR,False
12,7,Heavy-RB,"Three elite RBs in first 3 rounds, pivot to WR depth",1552.7933333333333,Generic,Ashton Jeanty,RB,Derrick Henry,RB,Travis Etienne Jr.,RB,Terry McLaurin,WR,DK Metcalf,WR,Colston Loveland,TE,Jalen Hurts,QB,DEF (Round 8),DEF,K (Round 9),K,Kyle Monangai,RB,Jalen Coker,WR,Tyjae Spears,RB,Jalen McMillan,WR,George Kittle,TE,Tyrone Tracy Jr.,RB,Denzel Boston,WR,False
12,8,Hero-RB,"Elite RB in R1, skip R2 RB, load WR/TE early, grab RBs in mid-rounds",1543.8133333333333,Generic,Ashton Jeanty,RB,CeeDee Lamb,WR,Tetairoa McMillan,WR,Terry McLaurin,WR,Colston Loveland,TE,Michael Pittman Jr.,WR,Jalen Hurts,QB,DEF (Round 8),DEF,K (Round 9),K,Kyle Monangai,RB,Tyjae Spears,RB,Isaiah Likely,TE,Zach Charbonnet,RB,Jalen McMillan,WR,Tyrone Tracy Jr.,RB,Denzel Boston,WR,False
12,9,WR-Heavy,"Three WRs in first 5 picks, RB value in mid rounds for bench",1542.8133333333333,Generic,CeeDee Lamb,WR,Ashton Jeanty,RB,Tetairoa McMillan,WR,Terry McLaurin,WR,Jadarian Price,RB,Colston Loveland,TE,Jalen Hurts,QB,DEF (Round 8),DEF,K (Round 9),K,Quentin Johnston,WR,Tyjae Spears,RB,Isaiah Likely,TE,Zach Charbonnet,RB,Jalen McMillan,WR,Denzel Boston,WR,Tyrone Tracy Jr.,RB,False
12,10,Balanced,"Balanced RB/WR mix early, strong TE/flex depth on bench",1542.8133333333333,Generic,Ashton Jeanty,RB,CeeDee Lamb,WR,Travis Etienne Jr.,RB,Terry McLaurin,WR,DK Metcalf,WR,Colston Loveland,TE,Jalen Hurts,QB,DEF (Round 8),DEF,K (Round 9),K,Kyle Monangai,RB,Jalen Coker,WR,Isaiah Likely,TE,Zach Charbonnet,RB,Jalen McMillan,WR,Tyrone Tracy Jr.,RB,Denzel Boston,WR,False
12,11,RB-WR-Mix (Combo),RB-WR-Mix strategy optimized for slot 12,1542.8133333333333,RB/WR Combo,Ashton Jeanty,RB,CeeDee Lamb,WR,Travis Etienne Jr.,RB,Terry McLaurin,WR,DK Metcalf,WR,Colston Loveland,TE,Jalen Hurts,QB,DEF (Round 8),DEF,K (Round 9),K,Kyle Monangai,RB,Jalen Coker,WR,Isaiah Likely,TE,Zach Charbonnet,RB,Jalen McMillan,WR,Tyrone Tracy Jr.,RB,Denzel Boston,WR,False
12,12,TE-Premium (Combo),TE-Premium strategy optimized for slot 12,1537.5366666666666,RB/WR Combo,Ashton Jeanty,RB,CeeDee Lamb,WR,Brock Bowers,TE,Terry McLaurin,WR,Jadarian Price,RB,Michael Pittman Jr.,WR,Jalen Hurts,QB,DEF (Round 8),DEF,K (Round 9),K,Kyle Monangai,RB,Jalen Coker,WR,Isaiah Likely,TE,Zach Charbonnet,RB,Jalen McMillan,WR,Dalton Kincaid,TE,Tyrone Tracy Jr.,RB,False
1,13,Jets-Focus,"Prioritize NY Jets players (Breece Hall RB, Garrett Wilson WR) and defense",0.72,Jets-Focused,No player available,,Breece Hall,RB,Garrett Wilson,WR,No player available,,No player available,,No player available,,No player available,,New York Jets,DEF,No player available,,No player available,,No player available,,No player available,,No player available,,No player available,,No player available,,No player available,,False
2,13,Jets-Focus,"Prioritize NY Jets players (Breece Hall RB, Garrett Wilson WR) and defense",0.72,Jets-Focused,No player available,,Breece Hall,RB,Garrett Wilson,WR,No player available,,No player available,,No player available,,No player available,,New York Jets,DEF,No player available,,No player available,,No player available,,No player available,,No player available,,No player available,,No player available,,No player available,,False
3,13,Jets-Focus,"Prioritize NY Jets players (Breece Hall RB, Garrett Wilson WR) and defense",0.72,Jets-Focused,No player available,,Breece Hall,RB,Garrett Wilson,WR,No player available,,No player available,,No player available,,No player available,,New York Jets,DEF,No player available,,No player available,,No player available,,No player available,,No player available,,No player available,,No player available,,No player available,,False
4,13,Jets-Focus,"Prioritize NY Jets players (Breece Hall RB, Garrett Wilson WR) and defense",0.72,Jets-Focused,No player available,,Breece Hall,RB,Garrett Wilson,WR,No player available,,No player available,,No player available,,No player available,,New York Jets,DEF,No player available,,No player available,,No player available,,No player available,,No player available,,No player available,,No player available,,No player available,,False
5,13,Jets-Focus,"Prioritize NY Jets players (Breece Hall RB, Garrett Wilson WR) and defense",0.72,Jets-Focused,No player available,,Breece Hall,RB,Garrett Wilson,WR,No player available,,No player available,,No player available,,No player available,,New York Jets,DEF,No player available,,No player available,,No player available,,No player available,,No player available,,No player available,,No player available,,No player available,,False
6,13,Jets-Focus,"Prioritize NY Jets players (Breece Hall RB, Garrett Wilson WR) and defense",0.72,Jets-Focused,No player available,,Breece Hall,RB,Garrett Wilson,WR,No player available,,No player available,,No player available,,No player available,,New York Jets,DEF,No player available,,No player available,,No player available,,No player available,,No player available,,No player available,,No player available,,No player available,,False
7,13,Jets-Focus,"Prioritize NY Jets players (Breece Hall RB, Garrett Wilson WR) and defense",0.72,Jets-Focused,No player available,,Breece Hall,RB,Garrett Wilson,WR,No player available,,No player available,,No player available,,No player available,,New York Jets,DEF,No player available,,No player available,,No player available,,No player available,,No player available,,No player available,,No player available,,No player available,,False
8,13,Jets-Focus,"Prioritize NY Jets players (Breece Hall RB, Garrett Wilson WR) and defense",0.72,Jets-Focused,No player available,,Breece Hall,RB,Garrett Wilson,WR,No player available,,No player available,,No player available,,No player available,,New York Jets,DEF,No player available,,No player available,,No player available,,No player available,,No player available,,No player available,,No player available,,No player available,,False
9,13,Jets-Focus,"Prioritize NY Jets players (Breece Hall RB, Garrett Wilson WR) and defense",0.72,Jets-Focused,No player available,,No player available,,Garrett Wilson,WR,No player available,,No player available,,No player available,,No player available,,New York Jets,DEF,No player available,,No player available,,No player available,,No player available,,No player available,,No player available,,No player available,,No player available,,False
10,13,Jets-Focus,"Prioritize NY Jets players (Breece Hall RB, Garrett Wilson WR) and defense",0.72,Jets-Focused,No player available,,No player available,,Garrett Wilson,WR,No player available,,No player available,,No player available,,No player available,,New York Jets,DEF,No player available,,No player available,,No player available,,No player available,,No player available,,No player available,,No player available,,No player available,,False
11,13,Jets-Focus,"Prioritize NY Jets players (Breece Hall RB, Garrett Wilson WR) and defense",0.72,Jets-Focused,No player available,,No player available,,No player available,,No player available,,No player available,,No player available,,No player available,,New York Jets,DEF,No player available,,No player available,,No player available,,No player available,,No player available,,No player available,,No player available,,No player available,,False
12,13,Jets-Focus,"Prioritize NY Jets players (Breece Hall RB, Garrett Wilson WR) and defense",0.72,Jets-Focused,No player available,,No player available,,No player available,,No player available,,No player available,,No player available,,No player available,,New York Jets,DEF,No player available,,No player available,,No player available,,No player available,,No player available,,No player available,,No player available,,No player available,,False
