Player,Position,Team,Master_ADP,Final_ADP,ADP_Avg_5way,ADP_15rd,ADP_Combined
Aaron Jones Sr.,RB,MIN,82.0,82.0,82.0,82.0,82.0
Adonai Mitchell,WR,NYJ,,,,,
AJ Barner,RB,TEN,127.2,,,,
A.J. Brown,WR,NE,21.526666666666667,20.0625,20.0625,20.0625,20.0625
Alec Pierce,WR,IND,49.5,48.25,48.25,48.25,48.25
Alvin Kamara,RB,NO,148.0,148.0,148.0,148.0,148.0
Amon-Ra St. Brown,WR,DET,8.24,7.8125,7.8125,7.8125,7.8125
Antonio Williams,WR,WAS,172.0,172.0,172.0,172.0,172.0
Arizona Cardinals,DEF,ARI,,,,,
Ashton Jeanty,RB,LV,12.793333333333331,12.125,12.125,12.125,12.125
Atlanta Falcons,DEF,ATL,,,,,
Baker Mayfield,QB,TB,133.0,133.0,133.0,133.0,133.0
Baltimore Ravens,DEF,BAL,98.0,,,,
Bhayshul Tuten,RB,JAC,56.0,55.5,55.5,55.5,55.5
Bijan Robinson,RB,ATL,2.286666666666666,2.625,2.625,2.625,2.625
Blake Corum,RB,LAR,142.0,142.0,142.0,142.0,142.0
Bo Nix,QB,DEN,126.0,126.0,126.0,126.0,126.0
Braelon Allen,RB,NYJ,,,,,
Brandon Aiyuk,WR,SEA,132.4,,,,
Brandon Aubrey,PK,DAL,157.0,157.0,157.0,157.0,157.0
Brandon Auke,K,LAR,174.0,,,,
Breece Hall,RB,NYJ,29.25,30.3,30.3,30.3,30.3
Brenton Strange,TE,JAC,,,,,
Brett Maher,K,DAL,172.0,,,,
Brian Robinson Jr.,RB,ATL,,,,,
Brian Robinson,RB,WAS,124.9,,,,
Brian Thomas Jr.,WR,JAC,86.0,86.0,86.0,86.0,86.0
Brock Bowers,TE,LV,35.026666666666664,33.375,33.375,33.375,33.375
Brock Purdy,QB,SF,81.0,81.0,81.0,81.0,81.0
Bryce Young,QB,NO,125.4,,,,
Bucky Irving,RB,TB,42.25,43.125,43.125,43.125,43.125
Buffalo Bills,DEF,BUF,92.0,,,,
Cade Otton,TE,TB,,,,,
Cairo Santos,PK,CHI,162.0,162.0,162.0,162.0,162.0
Caleb Williams,QB,CHI,96.0,96.0,96.0,96.0,96.0
Calvin Ridley,WR,TEN,123.0,123.0,123.0,123.0,123.0
Cam Skattebo,RB,NYG,35.0,34.5,34.5,34.5,34.5
Cam Ward,QB,NYG,127.5,,,,
Cameron Dicker,PK,LAC,159.0,159.0,159.0,159.0,159.0
Cameron Skattebo,RB,NYG,41.0,41.0,41.0,41.0,41.0
Carnell Tate,WR,TEN,67.0,72.0,72.0,72.0,72.0
Carolina Panthers,DEF,CAR,,,,,
CeeDee Lamb,WR,DAL,11.393333333333333,10.875,10.875,10.875,10.875
Charlie Smyth,TE,ATL,,,,,
Chase Brown,RB,CIN,17.46,18.5,18.5,18.5,18.5
Chase McLaughlin,PK,TB,166.0,166.0,166.0,166.0,166.0
Chicago Bears,DEF,CHI,145.0,,,,
Chig Okonkwo,TE,WAS,,,,,
Chris Bell,RB,TB,,,,,
Chris Brooks,RB,BAL,,,,,
Chris Godwin Jr.,WR,TB,97.0,97.0,97.0,97.0,97.0
Chris Olave,WR,NO,20.75,20.9,20.9,20.9,20.9
Chris Rodriguez Jr.,RB,JAC,,,,,
Christian McCaffrey,RB,SF,5.533333333333334,5.375,5.375,5.375,5.375
Christian Watson,WR,GB,72.0,69.25,69.25,69.25,69.25
Chuba Hubbard,RB,CAR,73.0,73.0,73.0,73.0,73.0
Cincinnati Bengals,DEF,CIN,,,,,
C.J. Stroud,QB,HOU,152.0,152.0,152.0,152.0,152.0
Cleveland Browns,DEF,CLE,,,,,
Colby Parkinson,TE,LAR,,,,,
Colston Loveland,TE,CHI,57.0,61.0,61.0,61.0,61.0
Cooper Kupp,WR,SEA,170.0,170.0,170.0,170.0,170.0
Courtland Sutton,WR,DEN,55.5,53.25,53.25,53.25,53.25
Dak Prescott,QB,DAL,75.0,75.0,75.0,75.0,75.0
Dallas Cowboys,DEF,DAL,110.0,,,,
Dallas Goedert,TE,PHI,104.0,104.0,104.0,104.0,104.0
Dalton Kincaid,TE,BUF,180.0,180.0,180.0,180.0,180.0
Dalton Schultz,TE,HOU,129.5,,,,
D'Andre Swift,RB,CHI,44.5,43.75,43.75,43.75,43.75
Daniel Carlson,K,LV,155.0,,,,
Daniel Jones,QB,IND,,,,,
Darius Slayton,WR,NYG,,,,,
Darnell Mooney,WR,LAR,,,,,
Darnell Washington,TE,PIT,,,,,
Davante Adams,WR,LAR,42.75,45.3,45.3,45.3,45.3
David Montgomery,RB,HOU,65.0,65.0,65.0,65.0,65.0
David Njoku,TE,CLE,125.5,,,,
Deebo Samuel Sr.,WR,SF,98.0,98.0,98.0,98.0,98.0
Denver Broncos,DEF,DEN,138.0,,,,
Denver Defense,DEF,DEN,102.0,102.0,102.0,102.0,102.0
Denzel Boston,WR,CLE,175.0,175.0,175.0,175.0,175.0
Derrick Henry,RB,BAL,14.413333333333334,19.25,19.25,19.25,19.25
Detroit Defense,DEF,DET,141.0,141.0,141.0,141.0,141.0
Detroit Lions,DEF,DET,,,,,
Devin Neal,RB,NYG,,,,,
De'Von Achane,RB,MIA,9.933333333333334,11.3125,11.3125,11.3125,11.3125
DeVonta Smith,WR,PHI,30.5,30.6,30.6,30.6,30.6
De'Zhaun Stribling,WR,SF,,,,,
DJ Giddens,RB,KC,,,,,
DJ Moore,WR,BUF,50.75,48.375,48.375,48.375,48.375
DK Metcalf,WR,PIT,58.0,58.0,58.0,58.0,58.0
Dontayvion Wicks,WR,GB,,,,,
Drake London,WR,ATL,13.666666666666666,13.5625,13.5625,13.5625,13.5625
Drake Maye,QB,NE,52.0,51.0,51.0,51.0,51.0
Dylan Sampson,RB,CLE,,,,,
Eddy Piñeiro,PK,SF,168.0,168.0,168.0,168.0,168.0
Elijah Sarratt,TE,TEN,,,,,
Emanuel Wilson,RB,SEA,,,,,
Emari Demercado,RB,LAC,,,,,
Emeka Egbuka,WR,TB,40.75,38.5,38.5,38.5,38.5
Emmett Johnson,RB,KC,,,,,
Evan Engram,TE,JAX,,,,,
Evan McPherson,K,CIN,162.0,,,,
Fernando Mendoza,QB,LV,209.5,209.5,209.5,209.5,209.5
Garrett Wilson,WR,NYJ,30.75,33.1,33.1,33.1,33.1
Geno Smith,QB,NYJ,183.0,,,,
George Kittle,TE,SF,153.0,153.0,153.0,153.0,153.0
George Pickens,WR,DAL,22.46,23.5625,23.5625,23.5625,23.5625
Germie Bernard,RB,CIN,,,,,
Green Bay Packers,DEF,GB,115.0,,,,
Greg Dulcich,TE,MIA,,,,,
Greg Joseph,K,MIN,158.0,,,,
Gunnar Helm,TE,DET,,,,,
Harold Fannin Jr.,TE,CLE,73.0,80.5,80.5,80.5,80.5
Harrison Butker,K,KC,152.0,,,,
Harrison Mevis,PK,LAR,160.0,160.0,160.0,160.0,160.0
Houston Defense,DEF,HOU,114.0,114.0,114.0,114.0,114.0
Houston Texans,DEF,HOU,,,,,
Hunter Henry,TE,NE,164.0,164.0,164.0,164.0,164.0
Indianapolis Colts,DEF,IND,,,,,
Isaiah Likely,TE,NYG,149.0,149.0,149.0,149.0,149.0
Isiah Pacheco,RB,DET,154.0,154.0,154.0,154.0,154.0
Jack Bech,RB,LAR,,,,,
Jacksonville Jaguars,DEF,JAX,,,,,
Jacoby Brissett,QB,IND,,,,,
Jacory Croskey-Merritt,RB,WAS,116.0,116.0,116.0,116.0,116.0
Jadarian Price,RB,SEA,59.0,64.0,64.0,64.0,64.0
Jahan Dotson,WR,PHI,,,,,
Jahmyr Gibbs,RB,DET,1.08,1.25,1.25,1.25,1.25
Jake Bates,PK,DET,163.0,163.0,163.0,163.0,163.0
Jake Elliott,K,PHI,168.0,,,,
Jake Ferguson,TE,DAL,169.0,169.0,169.0,169.0,169.0
Ja'Kobi Lane,RB,GB,,,,,
Jakobi Meyers,WR,JAC,80.0,80.0,80.0,80.0,80.0
Jalen Coker,WR,CAR,132.0,132.0,132.0,132.0,132.0
Jalen Hurts,QB,PHI,79.0,79.0,79.0,79.0,79.0
Jalen McMillan,WR,TB,155.0,155.0,155.0,155.0,155.0
Jalen Nailor,WR,LV,174.0,174.0,174.0,174.0,174.0
Ja'Marr Chase,WR,CIN,3.613333333333333,3.3125,3.3125,3.3125,3.3125
James Conner,RB,ARI,,,,,
James Cook III,RB,BUF,20.0,20.0,20.0,20.0,20.0
James Cook,RB,BUF,13.39,13.5,13.5,13.5,13.5
Jameson Williams,WR,DET,43.5,41.25,41.25,41.25,41.25
Jared Goff,QB,DET,120.0,120.0,120.0,120.0,120.0
Jason Myers,PK,SEA,158.0,158.0,158.0,158.0,158.0
Jason Sanders,K,MIA,165.0,,,,
Jauan Jennings,WR,MIN,156.0,156.0,156.0,156.0,156.0
Javonte Williams,RB,DAL,38.75,38.5,38.5,38.5,38.5
Jaxon Smith-Njigba,WR,SEA,5.746666666666667,5.625,5.625,5.625,5.625
Jaxson Dart,QB,NYG,124.0,124.0,124.0,124.0,124.0
Jayden Daniels,QB,WAS,65.5,70.75,70.75,70.75,70.75
Jayden Higgins,WR,HOU,139.0,139.0,139.0,139.0,139.0
Jayden Reed,WR,GB,93.0,93.0,93.0,93.0,93.0
Jaydon Blue,RB,DAL,,,,,
Jaylen Waddle,WR,DEN,50.5,50.2,50.2,50.2,50.2
Jaylen Warren,RB,PIT,64.0,64.0,64.0,64.0,64.0
Jaylen Wright,RB,TEN,,,,,
Jeremiyah Love,RB,ARI,19.25,21.3,21.3,21.3,21.3
Jerry Jeudy,WR,CLE,135.0,135.0,135.0,135.0,135.0
J.K. Dobbins,RB,DEN,85.0,85.0,85.0,85.0,85.0
Joe Burrow,QB,CIN,62.0,62.0,62.0,62.0,62.0
John Metchie III,WR,CAR,111.0,111.0,111.0,111.0,111.0
Jonah Coleman,RB,DEN,,,,,
Jonathan Taylor,RB,IND,6.906666666666666,7.4375,7.4375,7.4375,7.4375
Jonathon Brooks,RB,CAR,125.0,125.0,125.0,125.0,125.0
Jordan Addison,WR,MIN,92.0,92.0,92.0,92.0,92.0
Jordan James,RB,SEA,,,,,
Jordan Love,QB,GB,178.0,178.0,178.0,178.0,178.0
Jordan Mason,RB,MIN,143.0,143.0,143.0,143.0,143.0
Jordyn Tyson,WR,NO,94.0,94.0,94.0,94.0,94.0
Josh Allen,QB,BUF,34.5,32.25,32.25,32.25,32.25
Josh Downs,WR,IND,106.0,106.0,106.0,106.0,106.0
Josh Jacobs,RB,GB,22.25,23.7,23.7,23.7,23.7
Justice Hill,RB,BAL,,,,,
Justin Fields,QB,KC,246.0,246.0,246.0,246.0,246.0
Justin Herbert,QB,LAC,127.0,127.0,127.0,127.0,127.0
Justin Jefferson,WR,MIN,15.08,12.5625,12.5625,12.5625,12.5625
Justin Tucker,K,BAL,148.0,,,,
Juwan Johnson,TE,NO,,,,,
Kaelon Black,WR,ATL,,,,,
Ka'imi Fairbairn,PK,HOU,161.0,161.0,161.0,161.0,161.0
Kansas City Chiefs,DEF,KC,95.0,,,,
Kayshon Boutte,WR,NO,,,,,
Kaytron Allen,RB,WAS,,,,,
KC Concepcion,WR,CLE,136.0,136.0,136.0,136.0,136.0
Keaton Mitchell,RB,LAC,,,,,
Kendre Miller,RB,NO,,,,,
Kenneth Walker III,RB,KC,24.25333333333333,23.8125,23.8125,23.8125,23.8125
Kenny Gainwell,RB,TB,95.0,95.0,95.0,95.0,95.0
Khalil Shakir,WR,BUF,108.0,108.0,108.0,108.0,108.0
Kimani Vidal,RB,LAC,,,,,
Kirk Cousins,QB,ATL,,,,,
Kyle Monangai,RB,CHI,107.0,107.0,107.0,107.0,107.0
Kyle Pitts Sr.,TE,ATL,87.0,87.0,87.0,87.0,87.0
Kyler Murray,QB,MIN,140.0,140.0,140.0,140.0,140.0
Kyren Williams,RB,LAR,28.25,27.1,27.1,27.1,27.1
LA Chargers Defense,DEF,LAC,128.0,128.0,128.0,128.0,128.0
LA Rams Defense,DEF,LAR,131.0,131.0,131.0,131.0,131.0
Ladd McConkey,WR,LAC,46.0,46.6,46.6,46.6,46.6
Lamar Jackson,QB,BAL,58.0,57.8,57.8,57.8,57.8
Las Vegas Raiders,DEF,LV,,,,,
LeQuint Allen Jr.,RB,DAL,,,,,
Los Angeles Chargers,DEF,LAC,,,,,
Los Angeles Rams,DEF,LAR,122.0,,,,
Luther Burden III,WR,CHI,48.5,49.0,49.0,49.0,49.0
Makai Lemon,WR,PHI,113.0,113.0,113.0,113.0,113.0
Malik Nabers,WR,NYG,39.5,37.8,37.8,37.8,37.8
Malik Washington,WR,MIA,177.0,177.0,177.0,177.0,177.0
Malik Willis,QB,MIA,179.0,179.0,179.0,179.0,179.0
Mark Andrews,TE,BAL,99.0,99.0,99.0,99.0,99.0
MarShawn Lloyd,RB,GB,,,,,
Marvin Harrison Jr.,WR,ARI,57.0,57.0,57.0,57.0,57.0
Matthew Golden,WR,GB,121.0,121.0,121.0,121.0,121.0
Matthew Stafford,QB,LAR,89.0,89.0,89.0,89.0,89.0
Miami Dolphins,DEF,MIA,105.0,,,,
Michael Penix Jr.,QB,ATL,,,,,
Michael Pittman Jr.,WR,PIT,56.0,56.0,56.0,56.0,56.0
Michael Wilson,WR,ARI,100.0,100.0,100.0,100.0,100.0
Mike Evans,WR,SF,57.0,58.0,58.0,58.0,58.0
Mike Washington Jr.,RB,LV,,,,,
Minnesota Defense,DEF,MIN,118.0,118.0,118.0,118.0,118.0
Minnesota Vikings,DEF,MIN,142.0,,,,
Najee Harris,RB,PIT,,,,,
New England Defense,DEF,NE,130.0,130.0,130.0,130.0,130.0
New England Patriots,DEF,NE,125.0,,,,
New Orleans Defense,DEF,NO,144.0,144.0,144.0,144.0,144.0
New Orleans Saints,DEF,NO,128.0,,,,
New York Giants,DEF,NYG,,,,,
New York Jets,DEF,NYJ,,,,,
Nicholas Singleton,RB,TEN,,,,,
Nick Chubb,RB,CLE,,,,,
Nick Folk,PK,ATL,167.0,167.0,167.0,167.0,167.0
Nico Collins,WR,HOU,23.093333333333334,23.5625,23.5625,23.5625,23.5625
Ollie Gordon II,RB,DEN,,,,,
Omar Cooper Jr.,WR,NYJ,,,,,
Omarion Hampton,RB,LAC,18.87333333333333,20.0625,20.0625,20.0625,20.0625
Oronde Gadsden II,TE,LAC,,,,,
Oronde Gadsden,WR,MIA,125.5,,,,
Parker Washington,WR,JAC,68.0,68.0,68.0,68.0,68.0
Pat Freiermuth,TE,PIT,126.0,,,,
Patrick Mahomes,QB,KC,112.0,112.0,112.0,112.0,112.0
Phil Mafah,RB,CAR,,,,,
Philadelphia Defense,DEF,PHI,122.0,122.0,122.0,122.0,122.0
Philadelphia Eagles,DEF,PHI,118.0,,,,
Pittsburgh Defense,DEF,PIT,173.0,173.0,173.0,173.0,173.0
Pittsburgh Steelers,DEF,PIT,132.0,,,,
Puka Nacua,WR,LAR,3.3666666666666667,2.8125,2.8125,2.8125,2.8125
Quentin Johnston,WR,LAC,105.0,105.0,105.0,105.0,105.0
Quinshon Judkins,RB,CLE,52.25,56.125,56.125,56.125,56.125
Rachaad White,RB,WAS,101.0,101.0,101.0,101.0,101.0
Rashee Rice,WR,KC,20.94,17.375,17.375,17.375,17.375
Rashid Shaheed,WR,SEA,119.0,119.0,119.0,119.0,119.0
Rashod Bateman,WR,BAL,145.0,145.0,145.0,145.0,145.0
Ray Davis,RB,BUF,,,,,
Rhamondre Stevenson,RB,NE,71.0,71.0,71.0,71.0,71.0
Ricky Pearsall,WR,SF,110.0,110.0,110.0,110.0,110.0
Rico Dowdle,RB,PIT,67.0,67.0,67.0,67.0,67.0
RJ Harvey,RB,DEN,78.0,78.0,78.0,78.0,78.0
Rome Odunze,WR,CHI,54.75,54.375,54.375,54.375,54.375
Romeo Doubs,WR,NE,115.0,115.0,115.0,115.0,115.0
Sam Darnold,QB,SEA,146.0,146.0,146.0,146.0,146.0
Sam LaPorta,TE,DET,91.0,91.0,91.0,91.0,91.0
Samaje Perine,RB,MIN,,,,,
San Francisco 49ers,DEF,SF,88.0,,,,
Saquon Barkley,RB,PHI,15.353333333333332,15.625,15.625,15.625,15.625
Sean Tucker,RB,TB,,,,,
Seattle Defense,DEF,SEA,109.0,109.0,109.0,109.0,109.0
Seattle Seahawks,DEF,SEA,,,,,
Shedeur Sanders,QB,TEN,,,,,
Stefon Diggs,WR,WAS,,,,,
Tampa Bay Buccaneers,DEF,TB,,,,,
Tank Bigsby,RB,PHI,,,,,
Tank Dell,WR,HOU,171.0,171.0,171.0,171.0,171.0
Ted Hurst III,TE,CLE,,,,,
Tee Higgins,WR,CIN,42.75,41.3,41.3,41.3,41.3
Tennessee Defense,DEF,TEN,129.0,129.0,129.0,129.0,129.0
Tennessee Titans,DEF,TEN,,,,,
Terry McLaurin,WR,WAS,38.25,40.9,40.9,40.9,40.9
Tetairoa McMillan,WR,CAR,33.75,33.9,33.9,33.9,33.9
Theo Wease Jr.,WR,MIA,138.0,138.0,138.0,138.0,138.0
T.J. Hockenson,TE,MIN,,,,,
Tony Pollard,RB,TEN,70.0,70.0,70.0,70.0,70.0
Tory Horton,WR,SF,,,,,
Travis Etienne Jr.,RB,NO,34.75,34.875,34.875,34.875,34.875
Travis Hunter,WR,DEN,127.6,,,,
Travis Kelce,TE,KC,90.0,90.0,90.0,90.0,90.0
Tre Tucker,WR,LV,137.0,137.0,137.0,137.0,137.0
TreVeyon Henderson,RB,NE,56.5,58.75,58.75,58.75,58.75
Trevor Lawrence,QB,JAC,84.0,84.0,84.0,84.0,84.0
Trey Benson,RB,ARI,,,,,
Trey McBride,TE,ARI,25.973333333333333,31.33333333333333,31.33333333333333,31.33333333333333,31.33333333333333
Troy Franklin,WR,DEN,,,,,
Tua Tagovailoa,QB,MIA,,,,,
Tucker Kraft,TE,GB,117.0,117.0,117.0,117.0,117.0
Tyjae Spears,RB,TEN,134.0,134.0,134.0,134.0,134.0
Tyler Allgeier,RB,ARI,,,,,
Tyler Bass,K,BUF,134.6,,,,
Tyler Higbee,TE,LAR,,,,,
Tyler Loop,PK,BAL,165.0,165.0,165.0,165.0,165.0
Tyler Shough,QB,NO,147.0,147.0,147.0,147.0,147.0
Tyler Warren,TE,IND,68.0,71.0,71.0,71.0,71.0
Tyquan Thornton,WR,NE,,,,,
Tyrone Tracy Jr.,RB,NYG,176.0,176.0,176.0,176.0,176.0
Wan'Dale Robinson,WR,TEN,61.0,63.5,63.5,63.5,63.5
Washington Commanders,DEF,WAS,,,,,
Wil Lutz,K,NO,176.0,,,,
Will Reichel,K,CHI,170.0,,,,
Woody Marks,RB,HOU,150.0,150.0,150.0,150.0,150.0
Xavier Worthy,WR,KC,103.0,103.0,103.0,103.0,103.0
Zach Charbonnet,RB,SEA,151.0,151.0,151.0,151.0,151.0
Zachariah Branch,WR,ARI,,,,,
Zay Flowers,WR,BAL,30.0,30.4,30.4,30.4,30.4
Malachi Fields,DE,,,,,,
