Player,ESPN_ID,Headshot_URL
A.J. Brown,4047646.0,https://a.espncdn.com/i/headshots/nfl/players/full/4047646.png
AJ Barner,4576297.0,https://a.espncdn.com/i/headshots/nfl/players/full/4576297.png
Aaron Jones Sr.,3042519.0,https://a.espncdn.com/i/headshots/nfl/players/full/3042519.png
Adonai Mitchell,4597500.0,https://a.espncdn.com/i/headshots/nfl/players/full/4597500.png
Alec Pierce,4360078.0,https://a.espncdn.com/i/headshots/nfl/players/full/4360078.png
Alvin Kamara,3054850.0,https://a.espncdn.com/i/headshots/nfl/players/full/3054850.png
Amon-Ra St. Brown,4374302.0,https://a.espncdn.com/i/headshots/nfl/players/full/4374302.png
Antonio Williams,,
Arizona Cardinals,,
Ashton Jeanty,4890973.0,https://a.espncdn.com/i/headshots/nfl/players/full/4890973.png
Atlanta Falcons,,
Baker Mayfield,3052587.0,https://a.espncdn.com/i/headshots/nfl/players/full/3052587.png
Baltimore Ravens,,
Bhayshul Tuten,4882093.0,https://a.espncdn.com/i/headshots/nfl/players/full/4882093.png
Bijan Robinson,4430807.0,https://a.espncdn.com/i/headshots/nfl/players/full/4430807.png
Blake Corum,4429096.0,https://a.espncdn.com/i/headshots/nfl/players/full/4429096.png
Bo Nix,4426338.0,https://a.espncdn.com/i/headshots/nfl/players/full/4426338.png
Braelon Allen,4685247.0,https://a.espncdn.com/i/headshots/nfl/players/full/4685247.png
Brandon Aiyuk,4360438.0,https://a.espncdn.com/i/headshots/nfl/players/full/4360438.png
Brandon Aubrey,3953687.0,https://a.espncdn.com/i/headshots/nfl/players/full/3953687.png
Brandon Auke,,
Breece Hall,4427366.0,https://a.espncdn.com/i/headshots/nfl/players/full/4427366.png
Brenton Strange,4430539.0,https://a.espncdn.com/i/headshots/nfl/players/full/4430539.png
Brett Maher,,
Brian Robinson,,
Brian Robinson Jr.,4241474.0,https://a.espncdn.com/i/headshots/nfl/players/full/4241474.png
Brian Thomas Jr.,4432773.0,https://a.espncdn.com/i/headshots/nfl/players/full/4432773.png
Brock Bowers,4432665.0,https://a.espncdn.com/i/headshots/nfl/players/full/4432665.png
Brock Purdy,4361741.0,https://a.espncdn.com/i/headshots/nfl/players/full/4361741.png
Bryce Young,4685720.0,https://a.espncdn.com/i/headshots/nfl/players/full/4685720.png
Bucky Irving,4596448.0,https://a.espncdn.com/i/headshots/nfl/players/full/4596448.png
Buffalo Bills,,
C.J. Stroud,4432577.0,https://a.espncdn.com/i/headshots/nfl/players/full/4432577.png
Cade Otton,4243331.0,https://a.espncdn.com/i/headshots/nfl/players/full/4243331.png
Cairo Santos,17427.0,https://a.espncdn.com/i/headshots/nfl/players/full/17427.png
Caleb Williams,4431611.0,https://a.espncdn.com/i/headshots/nfl/players/full/4431611.png
Calvin Ridley,3925357.0,https://a.espncdn.com/i/headshots/nfl/players/full/3925357.png
Cam Little,4686361.0,https://a.espncdn.com/i/headshots/nfl/players/full/4686361.png
Cam Skattebo,4696981.0,https://a.espncdn.com/i/headshots/nfl/players/full/4696981.png
Cam Ward,4688380.0,https://a.espncdn.com/i/headshots/nfl/players/full/4688380.png
Cameron Dicker,4362081.0,https://a.espncdn.com/i/headshots/nfl/players/full/4362081.png
Cameron Skattebo,,
Carnell Tate,4871023.0,https://a.espncdn.com/i/headshots/nfl/players/full/4871023.png
Carolina Panthers,,
CeeDee Lamb,4241389.0,https://a.espncdn.com/i/headshots/nfl/players/full/4241389.png
Charlie Smyth,5208518.0,https://a.espncdn.com/i/headshots/nfl/players/full/5208518.png
Chase Brown,4362238.0,https://a.espncdn.com/i/headshots/nfl/players/full/4362238.png
Chase McLaughlin,3150744.0,https://a.espncdn.com/i/headshots/nfl/players/full/3150744.png
Chicago Bears,,
Chig Okonkwo,,
Chris Bell,4869961.0,https://a.espncdn.com/i/headshots/nfl/players/full/4869961.png
Chris Brooks,3149687.0,https://a.espncdn.com/i/headshots/nfl/players/full/3149687.png
Chris Godwin Jr.,3116165.0,https://a.espncdn.com/i/headshots/nfl/players/full/3116165.png
Chris Olave,4361370.0,https://a.espncdn.com/i/headshots/nfl/players/full/4361370.png
Chris Rodriguez Jr.,4362619.0,https://a.espncdn.com/i/headshots/nfl/players/full/4362619.png
Christian McCaffrey,3117251.0,https://a.espncdn.com/i/headshots/nfl/players/full/3117251.png
Christian Watson,4248528.0,https://a.espncdn.com/i/headshots/nfl/players/full/4248528.png
Chuba Hubbard,4241416.0,https://a.espncdn.com/i/headshots/nfl/players/full/4241416.png
Cincinnati Bengals,,
Cleveland Browns,,
Colby Parkinson,4242557.0,https://a.espncdn.com/i/headshots/nfl/players/full/4242557.png
Colston Loveland,4723086.0,https://a.espncdn.com/i/headshots/nfl/players/full/4723086.png
Cooper Kupp,2977187.0,https://a.espncdn.com/i/headshots/nfl/players/full/2977187.png
Courtland Sutton,3128429.0,https://a.espncdn.com/i/headshots/nfl/players/full/3128429.png
D'Andre Swift,4259545.0,https://a.espncdn.com/i/headshots/nfl/players/full/4259545.png
DJ Giddens,4874509.0,https://a.espncdn.com/i/headshots/nfl/players/full/4874509.png
DJ Moore,3915416.0,https://a.espncdn.com/i/headshots/nfl/players/full/3915416.png
DK Metcalf,4047650.0,https://a.espncdn.com/i/headshots/nfl/players/full/4047650.png
Dak Prescott,2577417.0,https://a.espncdn.com/i/headshots/nfl/players/full/2577417.png
Dallas Cowboys,,
Dallas Goedert,3121023.0,https://a.espncdn.com/i/headshots/nfl/players/full/3121023.png
Dalton Kincaid,4385690.0,https://a.espncdn.com/i/headshots/nfl/players/full/4385690.png
Dalton Schultz,3117256.0,https://a.espncdn.com/i/headshots/nfl/players/full/3117256.png
Daniel Carlson,,
Daniel Jones,3917792.0,https://a.espncdn.com/i/headshots/nfl/players/full/3917792.png
Darius Slayton,3916945.0,https://a.espncdn.com/i/headshots/nfl/players/full/3916945.png
Darnell Mooney,4040655.0,https://a.espncdn.com/i/headshots/nfl/players/full/4040655.png
Darnell Washington,4430802.0,https://a.espncdn.com/i/headshots/nfl/players/full/4430802.png
Davante Adams,16800.0,https://a.espncdn.com/i/headshots/nfl/players/full/16800.png
David Montgomery,4035538.0,https://a.espncdn.com/i/headshots/nfl/players/full/4035538.png
David Njoku,3123076.0,https://a.espncdn.com/i/headshots/nfl/players/full/3123076.png
De'Von Achane,4429160.0,https://a.espncdn.com/i/headshots/nfl/players/full/4429160.png
De'Zhaun Stribling,4710714.0,https://a.espncdn.com/i/headshots/nfl/players/full/4710714.png
DeVonta Smith,4594449.0,https://a.espncdn.com/i/headshots/nfl/players/full/4594449.png
Deebo Samuel Sr.,3126486.0,https://a.espncdn.com/i/headshots/nfl/players/full/3126486.png
Denver Broncos,,
Denver Defense,,
Denzel Boston,4832800.0,https://a.espncdn.com/i/headshots/nfl/players/full/4832800.png
Derrick Henry,3043078.0,https://a.espncdn.com/i/headshots/nfl/players/full/3043078.png
Detroit Defense,,
Detroit Lions,,
Devin Neal,4431292.0,https://a.espncdn.com/i/headshots/college-football/players/full/4431292.png
Dontayvion Wicks,4428850.0,https://a.espncdn.com/i/headshots/nfl/players/full/4428850.png
Drake London,4426502.0,https://a.espncdn.com/i/headshots/nfl/players/full/4426502.png
Drake Maye,4431452.0,https://a.espncdn.com/i/headshots/nfl/players/full/4431452.png
Dylan Sampson,5081397.0,https://a.espncdn.com/i/headshots/nfl/players/full/5081397.png
Eagles DEF,,
Eddy Piñeiro,,
Eli Stowers,4431574.0,https://a.espncdn.com/i/headshots/nfl/players/full/4431574.png
Elijah Sarratt,5088338.0,https://a.espncdn.com/i/headshots/nfl/players/full/5088338.png
Emanuel Wilson,4887558.0,https://a.espncdn.com/i/headshots/nfl/players/full/4887558.png
Emari Demercado,4362478.0,https://a.espncdn.com/i/headshots/nfl/players/full/4362478.png
Emeka Egbuka,4567750.0,https://a.espncdn.com/i/headshots/nfl/players/full/4567750.png
Emmett Johnson,4832955.0,https://a.espncdn.com/i/headshots/nfl/players/full/4832955.png
Evan Engram,3051876.0,https://a.espncdn.com/i/headshots/nfl/players/full/3051876.png
Evan McPherson,4360234.0,https://a.espncdn.com/i/headshots/nfl/players/full/4360234.png
Fernando Mendoza,4837248.0,https://a.espncdn.com/i/headshots/nfl/players/full/4837248.png
Garrett Wilson,4569618.0,https://a.espncdn.com/i/headshots/nfl/players/full/4569618.png
Geno Smith,15864.0,https://a.espncdn.com/i/headshots/nfl/players/full/15864.png
George Kittle,3040151.0,https://a.espncdn.com/i/headshots/nfl/players/full/3040151.png
George Pickens,4426354.0,https://a.espncdn.com/i/headshots/nfl/players/full/4426354.png
Germie Bernard,4685261.0,https://a.espncdn.com/i/headshots/nfl/players/full/4685261.png
Green Bay Packers,,
Greg Dulcich,4367209.0,https://a.espncdn.com/i/headshots/nfl/players/full/4367209.png
Greg Joseph,,
Gunnar Helm,4686728.0,https://a.espncdn.com/i/headshots/nfl/players/full/4686728.png
Harold Fannin Jr.,5083076.0,https://a.espncdn.com/i/headshots/nfl/players/full/5083076.png
Harrison Butker,3055899.0,https://a.espncdn.com/i/headshots/nfl/players/full/3055899.png
Harrison Mevis,4574716.0,https://a.espncdn.com/i/headshots/nfl/players/full/4574716.png
Houston Defense,,
Houston Texans,,
Hunter Henry,3046439.0,https://a.espncdn.com/i/headshots/nfl/players/full/3046439.png
Indianapolis Colts,,
Isaac TeSlaa,5123663.0,https://a.espncdn.com/i/headshots/nfl/players/full/5123663.png
Isaiah Likely,4361050.0,https://a.espncdn.com/i/headshots/nfl/players/full/4361050.png
Isiah Pacheco,4361529.0,https://a.espncdn.com/i/headshots/nfl/players/full/4361529.png
J.K. Dobbins,4241985.0,https://a.espncdn.com/i/headshots/nfl/players/full/4241985.png
Ja'Kobi Lane,4870847.0,https://a.espncdn.com/i/headshots/nfl/players/full/4870847.png
Ja'Marr Chase,4362628.0,https://a.espncdn.com/i/headshots/nfl/players/full/4362628.png
Jack Bech,4603186.0,https://a.espncdn.com/i/headshots/nfl/players/full/4603186.png
Jacksonville Jaguars,,
Jacoby Brissett,2578570.0,https://a.espncdn.com/i/headshots/nfl/players/full/2578570.png
Jacory Croskey-Merritt,,
Jadarian Price,4685512.0,https://a.espncdn.com/i/headshots/nfl/players/full/4685512.png
Jahan Dotson,4361409.0,https://a.espncdn.com/i/headshots/nfl/players/full/4361409.png
Jahmyr Gibbs,4429795.0,https://a.espncdn.com/i/headshots/nfl/players/full/4429795.png
Jake Bates,4689936.0,https://a.espncdn.com/i/headshots/nfl/players/full/4689936.png
Jake Elliott,3050478.0,https://a.espncdn.com/i/headshots/nfl/players/full/3050478.png
Jake Ferguson,4242355.0,https://a.espncdn.com/i/headshots/nfl/players/full/4242355.png
Jakobi Meyers,3916433.0,https://a.espncdn.com/i/headshots/nfl/players/full/3916433.png
Jalen Coker,4695883.0,https://a.espncdn.com/i/headshots/nfl/players/full/4695883.png
Jalen Hurts,4040715.0,https://a.espncdn.com/i/headshots/nfl/players/full/4040715.png
Jalen McMillan,4430834.0,https://a.espncdn.com/i/headshots/nfl/players/full/4430834.png
Jalen Nailor,4382466.0,https://a.espncdn.com/i/headshots/nfl/players/full/4382466.png
James Conner,3045147.0,https://a.espncdn.com/i/headshots/nfl/players/full/3045147.png
James Cook,,
James Cook III,4379399.0,https://a.espncdn.com/i/headshots/nfl/players/full/4379399.png
Jameson Williams,4426388.0,https://a.espncdn.com/i/headshots/nfl/players/full/4426388.png
Jared Goff,3046779.0,https://a.espncdn.com/i/headshots/nfl/players/full/3046779.png
Jason Myers,2473037.0,https://a.espncdn.com/i/headshots/nfl/players/full/2473037.png
Jason Sanders,3124679.0,https://a.espncdn.com/i/headshots/nfl/players/full/3124679.png
Jauan Jennings,3886598.0,https://a.espncdn.com/i/headshots/nfl/players/full/3886598.png
Javonte Williams,4361579.0,https://a.espncdn.com/i/headshots/nfl/players/full/4361579.png
Jaxon Smith-Njigba,4430878.0,https://a.espncdn.com/i/headshots/nfl/players/full/4430878.png
Jaxson Dart,4689114.0,https://a.espncdn.com/i/headshots/nfl/players/full/4689114.png
Jayden Daniels,,
Jayden Higgins,4877706.0,https://a.espncdn.com/i/headshots/nfl/players/full/4877706.png
Jayden Reed,4362249.0,https://a.espncdn.com/i/headshots/nfl/players/full/4362249.png
Jaydon Blue,4685279.0,https://a.espncdn.com/i/headshots/nfl/players/full/4685279.png
Jaylen Waddle,4372016.0,https://a.espncdn.com/i/headshots/nfl/players/full/4372016.png
Jaylen Warren,4569987.0,https://a.espncdn.com/i/headshots/nfl/players/full/4569987.png
Jaylen Wright,4682745.0,https://a.espncdn.com/i/headshots/nfl/players/full/4682745.png
Jeremiyah Love,4870808.0,https://a.espncdn.com/i/headshots/nfl/players/full/4870808.png
Jerry Jeudy,4241463.0,https://a.espncdn.com/i/headshots/nfl/players/full/4241463.png
Joe Burrow,3915511.0,https://a.espncdn.com/i/headshots/nfl/players/full/3915511.png
Joe Mixon,,
John Metchie III,4567096.0,https://a.espncdn.com/i/headshots/nfl/players/full/4567096.png
Jonah Coleman,4702555.0,https://a.espncdn.com/i/headshots/nfl/players/full/4702555.png
Jonathan Taylor,4242335.0,https://a.espncdn.com/i/headshots/nfl/players/full/4242335.png
Jonathon Brooks,4678008.0,https://a.espncdn.com/i/headshots/nfl/players/full/4678008.png
Jordan Addison,4429205.0,https://a.espncdn.com/i/headshots/nfl/players/full/4429205.png
Jordan James,4685397.0,https://a.espncdn.com/i/headshots/nfl/players/full/4685397.png
Jordan Love,4036378.0,https://a.espncdn.com/i/headshots/nfl/players/full/4036378.png
Jordan Mason,4360569.0,https://a.espncdn.com/i/headshots/nfl/players/full/4360569.png
Jordyn Tyson,4880281.0,https://a.espncdn.com/i/headshots/nfl/players/full/4880281.png
Josh Allen,3918298.0,https://a.espncdn.com/i/headshots/nfl/players/full/3918298.png
Josh Downs,4688813.0,https://a.espncdn.com/i/headshots/nfl/players/full/4688813.png
Josh Jacobs,4047365.0,https://a.espncdn.com/i/headshots/nfl/players/full/4047365.png
Justice Hill,4038441.0,https://a.espncdn.com/i/headshots/nfl/players/full/4038441.png
Justin Fields,4362887.0,https://a.espncdn.com/i/headshots/nfl/players/full/4362887.png
Justin Herbert,4038941.0,https://a.espncdn.com/i/headshots/nfl/players/full/4038941.png
Justin Jefferson,5150249.0,https://a.espncdn.com/i/headshots/nfl/players/full/5150249.png
Justin Tucker,,
Juwan Johnson,3929645.0,https://a.espncdn.com/i/headshots/nfl/players/full/3929645.png
KC Concepcion,4870653.0,https://a.espncdn.com/i/headshots/nfl/players/full/4870653.png
Ka'imi Fairbairn,2971573.0,https://a.espncdn.com/i/headshots/nfl/players/full/2971573.png
Kaelon Black,4696044.0,https://a.espncdn.com/i/headshots/nfl/players/full/4696044.png
Kansas City Chiefs,,
Kayshon Boutte,4429022.0,https://a.espncdn.com/i/headshots/nfl/players/full/4429022.png
Kaytron Allen,,
Keaton Mitchell,4596334.0,https://a.espncdn.com/i/headshots/nfl/players/full/4596334.png
Kendre Miller,4599739.0,https://a.espncdn.com/i/headshots/nfl/players/full/4599739.png
Kenneth Walker III,4567048.0,https://a.espncdn.com/i/headshots/nfl/players/full/4567048.png
Kenny Gainwell,4371733.0,https://a.espncdn.com/i/headshots/nfl/players/full/4371733.png
Kenyon Sadiq,5083315.0,https://a.espncdn.com/i/headshots/nfl/players/full/5083315.png
Khalil Shakir,4373678.0,https://a.espncdn.com/i/headshots/nfl/players/full/4373678.png
Kimani Vidal,4430968.0,https://a.espncdn.com/i/headshots/nfl/players/full/4430968.png
Kirk Cousins,14880.0,https://a.espncdn.com/i/headshots/nfl/players/full/14880.png
Kyle Monangai,4608686.0,https://a.espncdn.com/i/headshots/nfl/players/full/4608686.png
Kyle Pitts Sr.,4360248.0,https://a.espncdn.com/i/headshots/nfl/players/full/4360248.png
Kyler Murray,3917315.0,https://a.espncdn.com/i/headshots/nfl/players/full/3917315.png
Kyren Williams,4430737.0,https://a.espncdn.com/i/headshots/nfl/players/full/4430737.png
LA Chargers Defense,,
LA Rams Defense,,
Ladd McConkey,4612826.0,https://a.espncdn.com/i/headshots/nfl/players/full/4612826.png
Lamar Jackson,3916387.0,https://a.espncdn.com/i/headshots/nfl/players/full/3916387.png
Las Vegas Raiders,,
LeQuint Allen Jr.,4911851.0,https://a.espncdn.com/i/headshots/nfl/players/full/4911851.png
Los Angeles Chargers,,
Los Angeles Rams,,
Luther Burden III,4685278.0,https://a.espncdn.com/i/headshots/nfl/players/full/4685278.png
Makai Lemon,4870795.0,https://a.espncdn.com/i/headshots/nfl/players/full/4870795.png
Malachi Fields,4682648.0,https://a.espncdn.com/i/headshots/nfl/players/full/4682648.png
Malik Nabers,4595348.0,https://a.espncdn.com/i/headshots/nfl/players/full/4595348.png
Malik Washington,4569603.0,https://a.espncdn.com/i/headshots/nfl/players/full/4569603.png
Malik Willis,4242512.0,https://a.espncdn.com/i/headshots/nfl/players/full/4242512.png
MarShawn Lloyd,4429023.0,https://a.espncdn.com/i/headshots/nfl/players/full/4429023.png
Mark Andrews,3116365.0,https://a.espncdn.com/i/headshots/nfl/players/full/3116365.png
Marvin Harrison Jr.,4432708.0,https://a.espncdn.com/i/headshots/nfl/players/full/4432708.png
Matthew Golden,4701936.0,https://a.espncdn.com/i/headshots/nfl/players/full/4701936.png
Matthew Stafford,12483.0,https://a.espncdn.com/i/headshots/nfl/players/full/12483.png
Miami Dolphins,,
Michael Penix Jr.,4360423.0,https://a.espncdn.com/i/headshots/nfl/players/full/4360423.png
Michael Pittman Jr.,4035687.0,https://a.espncdn.com/i/headshots/nfl/players/full/4035687.png
Michael Wilson,4360761.0,https://a.espncdn.com/i/headshots/nfl/players/full/4360761.png
Mike Evans,16737.0,https://a.espncdn.com/i/headshots/nfl/players/full/16737.png
Mike Washington Jr.,4686658.0,https://a.espncdn.com/i/headshots/nfl/players/full/4686658.png
Minnesota Defense,,
Minnesota Vikings,,
Najee Harris,,
New England Defense,,
New England Patriots,,
New Orleans Defense,,
New Orleans Saints,,
New York Giants,,
New York Jets,,
Nicholas Singleton,4685555.0,https://a.espncdn.com/i/headshots/nfl/players/full/4685555.png
Nick Chubb,,
Nick Folk,10621.0,https://a.espncdn.com/i/headshots/nfl/players/full/10621.png
Nico Collins,4258173.0,https://a.espncdn.com/i/headshots/nfl/players/full/4258173.png
Ollie Gordon II,4711533.0,https://a.espncdn.com/i/headshots/nfl/players/full/4711533.png
Omar Cooper Jr.,4723820.0,https://a.espncdn.com/i/headshots/nfl/players/full/4723820.png
Omarion Hampton,4685382.0,https://a.espncdn.com/i/headshots/nfl/players/full/4685382.png
Oronde Gadsden,4595342.0,https://a.espncdn.com/i/headshots/nfl/players/full/4595342.png
Oronde Gadsden II,,
Parker Washington,4432620.0,https://a.espncdn.com/i/headshots/nfl/players/full/4432620.png
Pat Bryant,4600981.0,https://a.espncdn.com/i/headshots/nfl/players/full/4600981.png
Pat Freiermuth,4361411.0,https://a.espncdn.com/i/headshots/nfl/players/full/4361411.png
Patrick Mahomes,3139477.0,https://a.espncdn.com/i/headshots/nfl/players/full/3139477.png
Patrick Mahomes II,,
Phil Mafah,4431562.0,https://a.espncdn.com/i/headshots/nfl/players/full/4431562.png
Philadelphia Defense,,
Philadelphia Eagles,,
Pittsburgh Defense,,
Pittsburgh Steelers,,
Puka Nacua,4426515.0,https://a.espncdn.com/i/headshots/nfl/players/full/4426515.png
Quentin Johnston,4429025.0,https://a.espncdn.com/i/headshots/nfl/players/full/4429025.png
Quinshon Judkins,4685702.0,https://a.espncdn.com/i/headshots/nfl/players/full/4685702.png
RJ Harvey,4568490.0,https://a.espncdn.com/i/headshots/nfl/players/full/4568490.png
Rachaad White,,
Rashee Rice,4428331.0,https://a.espncdn.com/i/headshots/nfl/players/full/4428331.png
Rashid Shaheed,4032473.0,https://a.espncdn.com/i/headshots/nfl/players/full/4032473.png
Rashod Bateman,4360939.0,https://a.espncdn.com/i/headshots/nfl/players/full/4360939.png
Ray Davis,4429501.0,https://a.espncdn.com/i/headshots/nfl/players/full/4429501.png
Rhamondre Stevenson,4569173.0,https://a.espncdn.com/i/headshots/nfl/players/full/4569173.png
Ricky Pearsall,4428209.0,https://a.espncdn.com/i/headshots/nfl/players/full/4428209.png
Rico Dowdle,4038815.0,https://a.espncdn.com/i/headshots/nfl/players/full/4038815.png
Rome Odunze,4431299.0,https://a.espncdn.com/i/headshots/nfl/players/full/4431299.png
Romeo Doubs,4361432.0,https://a.espncdn.com/i/headshots/nfl/players/full/4361432.png
Sam Darnold,3912547.0,https://a.espncdn.com/i/headshots/nfl/players/full/3912547.png
Sam LaPorta,4430027.0,https://a.espncdn.com/i/headshots/nfl/players/full/4430027.png
Samaje Perine,3116389.0,https://a.espncdn.com/i/headshots/nfl/players/full/3116389.png
San Francisco 49ers,,
Saquon Barkley,3929630.0,https://a.espncdn.com/i/headshots/nfl/players/full/3929630.png
Sean Tucker,4430871.0,https://a.espncdn.com/i/headshots/nfl/players/full/4430871.png
Seattle Defense,,
Seattle Seahawks,,
Shedeur Sanders,4432762.0,https://a.espncdn.com/i/headshots/nfl/players/full/4432762.png
Skyler Bell,4683153.0,https://a.espncdn.com/i/headshots/nfl/players/full/4683153.png
Stefon Diggs,,
T.J. Hockenson,4036133.0,https://a.espncdn.com/i/headshots/nfl/players/full/4036133.png
Tampa Bay Buccaneers,,
Tank Bigsby,4429013.0,https://a.espncdn.com/i/headshots/nfl/players/full/4429013.png
Tank Dell,4366031.0,https://a.espncdn.com/i/headshots/nfl/players/full/4366031.png
Ted Hurst III,5220680.0,https://a.espncdn.com/i/headshots/nfl/players/full/5220680.png
Tee Higgins,4239993.0,https://a.espncdn.com/i/headshots/nfl/players/full/4239993.png
Tennessee Defense,,
Tennessee Titans,,
Terrance Ferguson,4570037.0,https://a.espncdn.com/i/headshots/nfl/players/full/4570037.png
Terry McLaurin,,
Tetairoa McMillan,4685472.0,https://a.espncdn.com/i/headshots/nfl/players/full/4685472.png
Theo Wease Jr.,4426535.0,https://a.espncdn.com/i/headshots/nfl/players/full/4426535.png
Tony Pollard,3916148.0,https://a.espncdn.com/i/headshots/nfl/players/full/3916148.png
Tory Horton,4597703.0,https://a.espncdn.com/i/headshots/nfl/players/full/4597703.png
Travis Etienne,,
Travis Etienne Jr.,4239996.0,https://a.espncdn.com/i/headshots/nfl/players/full/4239996.png
Travis Hunter,4685415.0,https://a.espncdn.com/i/headshots/nfl/players/full/4685415.png
Travis Kelce,15847.0,https://a.espncdn.com/i/headshots/nfl/players/full/15847.png
Tre Tucker,4428718.0,https://a.espncdn.com/i/headshots/nfl/players/full/4428718.png
TreVeyon Henderson,4432710.0,https://a.espncdn.com/i/headshots/nfl/players/full/4432710.png
Trevor Lawrence,4360310.0,https://a.espncdn.com/i/headshots/nfl/players/full/4360310.png
Trey Benson,4429275.0,https://a.espncdn.com/i/headshots/nfl/players/full/4429275.png
Trey McBride,4361307.0,https://a.espncdn.com/i/headshots/nfl/players/full/4361307.png
Trey Smack,4869461.0,https://a.espncdn.com/i/headshots/nfl/players/full/4869461.png
Troy Franklin,4431280.0,https://a.espncdn.com/i/headshots/nfl/players/full/4431280.png
Tua Tagovailoa,4241479.0,https://a.espncdn.com/i/headshots/nfl/players/full/4241479.png
Tucker Kraft,4572680.0,https://a.espncdn.com/i/headshots/nfl/players/full/4572680.png
Tyjae Spears,4428557.0,https://a.espncdn.com/i/headshots/nfl/players/full/4428557.png
Tyler Allgeier,4373626.0,https://a.espncdn.com/i/headshots/nfl/players/full/4373626.png
Tyler Bass,3917232.0,https://a.espncdn.com/i/headshots/nfl/players/full/3917232.png
Tyler Higbee,2573401.0,https://a.espncdn.com/i/headshots/nfl/players/full/2573401.png
Tyler Loop,4697745.0,https://a.espncdn.com/i/headshots/nfl/players/full/4697745.png
Tyler Shough,4360689.0,https://a.espncdn.com/i/headshots/nfl/players/full/4360689.png
Tyler Warren,4431459.0,https://a.espncdn.com/i/headshots/nfl/players/full/4431459.png
Tyquan Thornton,4362921.0,https://a.espncdn.com/i/headshots/nfl/players/full/4362921.png
Tyrone Tracy Jr.,4360516.0,https://a.espncdn.com/i/headshots/nfl/players/full/4360516.png
Wan'Dale Robinson,4569587.0,https://a.espncdn.com/i/headshots/nfl/players/full/4569587.png
Washington Commanders,,
Wil Lutz,2985659.0,https://a.espncdn.com/i/headshots/nfl/players/full/2985659.png
Will Reichel,,
Woody Marks,4429059.0,https://a.espncdn.com/i/headshots/nfl/players/full/4429059.png
Xavier Worthy,4683062.0,https://a.espncdn.com/i/headshots/nfl/players/full/4683062.png
Zach Charbonnet,4426385.0,https://a.espncdn.com/i/headshots/nfl/players/full/4426385.png
Zachariah Branch,4870612.0,https://a.espncdn.com/i/headshots/nfl/players/full/4870612.png
Zay Flowers,4429615.0,https://a.espncdn.com/i/headshots/nfl/players/full/4429615.png
